{
    "epoch": "20/20",
    "best_epoch": 20,
    "max_gpu_mem": "7.0689",
    "cur_ram": "1.4295",
    "time_epoch": "0:33:05",
    "time_total": "10:52:00",
    "best_train_ner_loss": 0.05569630689758191,
    "train_ner_loss": 0.05569630689758191,
    "best_train_sum": 0.9993277675376775,
    "train_sum": 0.9993277675376775,
    "best_dev_ner_loss": 16.742896221861056,
    "dev_ner_loss": 16.742896221861056,
    "best_dev_sum": 0.9295918367346938,
    "dev_sum": 0.9295918367346938,
    "best_train_ner_precision": 0.9993060976667534,
    "best_train_ner_recall": 0.9993494383484408,
    "best_train_ner_span_f1": 0.9993277675376775,
    "train_ner_precision": 0.9993060976667534,
    "train_ner_recall": 0.9993494383484408,
    "train_ner_span_f1": 0.9993277675376775,
    "best_dev_ner_precision": 0.9302246426140232,
    "best_dev_ner_recall": 0.9289598912304555,
    "best_dev_ner_span_f1": 0.9295918367346938,
    "dev_ner_precision": 0.9302246426140232,
    "dev_ner_recall": 0.9289598912304555,
    "dev_ner_span_f1": 0.9295918367346938
}