{
    "epoch": "20/20",
    "best_epoch": 4,
    "max_gpu_mem": "3.5667",
    "cur_ram": "1.3587",
    "time_epoch": "0:26:22",
    "time_total": "11:02:59",
    "best_train_intent_loss": 4.06566543398677,
    "best_train_slots_loss": 128.2259316241069,
    "train_intent_loss": 0.052461101504312636,
    "train_slots_loss": 2.4940982533944194,
    "best_train_sum": 1.9742737297826016,
    "train_sum": 1.9742737297826016,
    "best_dev_intent_loss": 1.0744927727139078,
    "best_dev_slots_loss": 183.34935426282453,
    "dev_intent_loss": 1.6778469007846928,
    "dev_slots_loss": 850.2583712930078,
    "best_dev_sum": 1.5684724002749753,
    "dev_sum": 1.5367591475673503,
    "best_train_intent_accuracy": 0.9598669877307648,
    "best_train_slots_precision": 0.6203061454368679,
    "best_train_slots_recall": 0.6271397746343802,
    "best_train_slots_span_f1": 0.623704242395341,
    "train_intent_accuracy": 0.9992202729044835,
    "train_slots_precision": 0.9585490427712727,
    "train_slots_recall": 0.9921361783744905,
    "train_slots_span_f1": 0.9750534568781183,
    "best_dev_intent_accuracy": 0.9906060606060606,
    "best_dev_slots_precision": 0.570779712339137,
    "best_dev_slots_recall": 0.585131150085364,
    "best_dev_slots_span_f1": 0.5778663396689148,
    "dev_intent_accuracy": 0.9933333333333333,
    "dev_slots_precision": 0.5283682744465621,
    "dev_slots_recall": 0.5593667546174143,
    "dev_slots_span_f1": 0.5434258142340169
}