{
    "epoch": "20/20",
    "best_epoch": 20,
    "max_gpu_mem": "4.3817",
    "cur_ram": "1.4565",
    "time_epoch": "0:02:55",
    "time_total": "5:41:26",
    "best_train_intent_loss": 0.13840340632558495,
    "best_train_slots_loss": 0.760615859587929,
    "train_intent_loss": 0.13840340632558495,
    "train_slots_loss": 0.760615859587929,
    "best_train_sum": 1.9959349017309327,
    "train_sum": 1.9959349017309327,
    "best_dev_intent_loss": 5.280777910165739,
    "best_dev_slots_loss": 153.59856176376343,
    "dev_intent_loss": 5.280777910165739,
    "dev_slots_loss": 153.59856176376343,
    "best_dev_sum": 1.809210817958267,
    "dev_sum": 1.809210817958267,
    "best_train_intent_accuracy": 0.9985552115583075,
    "best_train_slots_precision": 0.9971861393103616,
    "best_train_slots_recall": 0.9975733161847677,
    "best_train_slots_span_f1": 0.9973796901726251,
    "train_intent_accuracy": 0.9985552115583075,
    "train_slots_precision": 0.9971861393103616,
    "train_slots_recall": 0.9975733161847677,
    "train_slots_span_f1": 0.9973796901726251,
    "best_dev_intent_accuracy": 0.9760606060606061,
    "best_dev_slots_precision": 0.8426734402286077,
    "best_dev_slots_recall": 0.8238398261679342,
    "best_dev_slots_span_f1": 0.8331502118976611,
    "dev_intent_accuracy": 0.9760606060606061,
    "dev_slots_precision": 0.8426734402286077,
    "dev_slots_recall": 0.8238398261679342,
    "dev_slots_span_f1": 0.8331502118976611
}