{
    "epoch": "20/20",
    "best_epoch": 8,
    "max_gpu_mem": "2.7021",
    "cur_ram": "1.4075",
    "time_epoch": "0:18:06",
    "time_total": "6:17:23",
    "best_train_dialect_loss": 1.4570412517903926,
    "best_train_intent_loss": 0.9621700046320636,
    "best_train_slots_loss": 11.646343229236184,
    "train_dialect_loss": 0.37644184638674444,
    "train_intent_loss": 0.12868835101343704,
    "train_slots_loss": 0.6461607060589634,
    "best_train_sum": 2.920677234373832,
    "train_sum": 2.920677234373832,
    "best_dev_dialect_loss": 1.730099752674932,
    "best_dev_intent_loss": 15.371385023904883,
    "best_dev_slots_loss": 119.50491304604904,
    "dev_dialect_loss": 1.8523728370666503,
    "dev_intent_loss": 27.764561951678733,
    "dev_slots_loss": 181.6838190825089,
    "best_dev_sum": 2.363317384370016,
    "dev_sum": 2.222321554414578,
    "best_train_dialect_accuracy": 0.7036039070394072,
    "best_train_intent_accuracy": 0.9911707373007682,
    "best_train_slots_precision": 0.9671297414834501,
    "best_train_slots_recall": 0.9713893978184113,
    "best_train_slots_span_f1": 0.9692548896166394,
    "train_dialect_accuracy": 0.9245537217918491,
    "train_intent_accuracy": 0.9984405458089669,
    "train_slots_precision": 0.9974893570570899,
    "train_slots_recall": 0.9978766516616717,
    "train_slots_span_f1": 0.9976829667730157,
    "best_dev_dialect_accuracy": 0.7515151515151515,
    "best_dev_intent_accuracy": 0.853030303030303,
    "best_dev_slots_precision": 0.7658498023715415,
    "best_dev_slots_recall": 0.7518236846189663,
    "best_dev_slots_span_f1": 0.7587719298245614,
    "dev_dialect_accuracy": 0.7666666666666667,
    "dev_intent_accuracy": 0.743030303030303,
    "dev_slots_precision": 0.7664820439521172,
    "dev_slots_recall": 0.6658388949247245,
    "dev_slots_span_f1": 0.7126245847176079
}