{
    "epoch": "20/20",
    "best_epoch": 18,
    "max_gpu_mem": "2.7097",
    "cur_ram": "1.4125",
    "time_epoch": "0:17:57",
    "time_total": "6:26:57",
    "best_train_intent_loss": 0.1830993136509031,
    "best_train_slots_loss": 1.3829323610486306,
    "train_intent_loss": 0.13120656788679702,
    "train_slots_loss": 0.7739283267138027,
    "best_train_sum": 1.9958904903745305,
    "train_sum": 1.9958904903745305,
    "best_dev_intent_loss": 4.758456293197154,
    "best_dev_slots_loss": 157.00142804017435,
    "dev_intent_loss": 5.747175123428231,
    "dev_slots_loss": 160.95903867024643,
    "best_dev_sum": 1.7789530030847396,
    "dev_sum": 1.7783038340717068,
    "best_train_intent_accuracy": 0.9978672170622636,
    "best_train_slots_precision": 0.9959489126347836,
    "best_train_slots_recall": 0.9963114406008469,
    "best_train_slots_span_f1": 0.9961301436335404,
    "train_intent_accuracy": 0.9984864121087031,
    "train_slots_precision": 0.9971621572455946,
    "train_slots_recall": 0.9976461166992246,
    "train_slots_span_f1": 0.9974040782658273,
    "best_dev_intent_accuracy": 0.9675757575757575,
    "best_dev_slots_precision": 0.82384,
    "best_dev_slots_recall": 0.7992859360447067,
    "best_dev_slots_span_f1": 0.8113772455089822,
    "dev_intent_accuracy": 0.9651515151515152,
    "dev_slots_precision": 0.8222504364386606,
    "dev_slots_recall": 0.8042533374728346,
    "dev_slots_span_f1": 0.8131523189201916
}