{
    "epoch": "20/20",
    "best_epoch": 5,
    "max_gpu_mem": "3.5653",
    "cur_ram": "1.3955",
    "time_epoch": "0:25:59",
    "time_total": "11:03:12",
    "best_train_intent_loss": 2.7583256936143696,
    "best_train_slots_loss": 104.50817959836621,
    "train_intent_loss": 0.05498605382054717,
    "train_slots_loss": 2.773698876287783,
    "best_train_sum": 1.972403122324998,
    "train_sum": 1.972403122324998,
    "best_dev_intent_loss": 1.5092544265768935,
    "best_dev_slots_loss": 214.50922854311833,
    "dev_intent_loss": 2.3464346336883573,
    "dev_slots_loss": 841.6966986011814,
    "best_dev_sum": 1.5487499532937266,
    "dev_sum": 1.5311162065985808,
    "best_train_intent_accuracy": 0.9736498108015136,
    "best_train_slots_precision": 0.6767190534631287,
    "best_train_slots_recall": 0.6808319347878207,
    "best_train_slots_span_f1": 0.6787692638649034,
    "train_intent_accuracy": 0.9993578718036923,
    "train_slots_precision": 0.9565584972089037,
    "train_slots_recall": 0.9901102853032846,
    "train_slots_span_f1": 0.9730452505213059,
    "best_dev_intent_accuracy": 0.9884848484848485,
    "best_dev_slots_precision": 0.5564059390785244,
    "best_dev_slots_recall": 0.5641781778674531,
    "best_dev_slots_span_f1": 0.560265104808878,
    "dev_intent_accuracy": 0.9890909090909091,
    "dev_slots_precision": 0.5234171725932351,
    "dev_slots_recall": 0.5620052770448549,
    "dev_slots_span_f1": 0.5420252975076717
}