{
    "epoch": "20/20",
    "best_epoch": 11,
    "max_gpu_mem": "7.2500",
    "cur_ram": "1.5286",
    "time_epoch": "0:16:25",
    "time_total": "5:34:56",
    "best_train_intent_loss": 0.9080365200313129,
    "best_train_slots_loss": 52.68228910990125,
    "train_intent_loss": 0.3498041064614289,
    "train_slots_loss": 20.97744643128862,
    "best_train_sum": 1.9119687002106178,
    "train_sum": 1.9119687002106178,
    "best_dev_intent_loss": 2.8956016310727977,
    "best_dev_slots_loss": 246.79570798461253,
    "dev_intent_loss": 3.0399026080457796,
    "dev_slots_loss": 351.70427148158734,
    "best_dev_sum": 1.5485914420587787,
    "dev_sum": 1.534339789846816,
    "best_train_intent_accuracy": 0.9915376676986584,
    "best_train_slots_precision": 0.81465409329884,
    "best_train_slots_recall": 0.8191560776792136,
    "best_train_slots_span_f1": 0.8168988828518657,
    "train_intent_accuracy": 0.996238963421626,
    "train_slots_precision": 0.907018038994332,
    "train_slots_recall": 0.9246104051786143,
    "train_slots_span_f1": 0.9157297367889919,
    "best_dev_intent_accuracy": 0.9818181818181818,
    "best_dev_slots_precision": 0.5561864913329349,
    "best_dev_slots_recall": 0.5777708786091276,
    "best_dev_slots_span_f1": 0.5667732602405969,
    "dev_intent_accuracy": 0.9833333333333333,
    "dev_slots_precision": 0.5394912985274432,
    "dev_slots_recall": 0.5630239056193729,
    "dev_slots_span_f1": 0.5510064565134828
}