{
    "epoch": "20/20",
    "best_epoch": 12,
    "max_gpu_mem": "4.3775",
    "cur_ram": "1.4387",
    "time_epoch": "0:36:52",
    "time_total": "12:09:30",
    "best_train_intent_loss": 0.752587521286365,
    "best_train_slots_loss": 41.01729139123694,
    "train_intent_loss": 0.2677069380046697,
    "train_slots_loss": 16.725256987730546,
    "best_train_sum": 1.9268819726170499,
    "train_sum": 1.9268819726170499,
    "best_dev_intent_loss": 3.9569044511685765,
    "best_dev_slots_loss": 283.5263410760806,
    "dev_intent_loss": 4.255378111127986,
    "dev_slots_loss": 412.7022106418243,
    "best_dev_sum": 1.5293453156203871,
    "dev_sum": 1.515305950830589,
    "best_train_intent_accuracy": 0.9926613920421969,
    "best_train_slots_precision": 0.8458895618602345,
    "best_train_slots_recall": 0.8588587868616638,
    "best_train_slots_span_f1": 0.8523248413326274,
    "train_intent_accuracy": 0.9969498910675382,
    "train_slots_precision": 0.9188382733240501,
    "train_slots_recall": 0.9412970510668904,
    "train_slots_span_f1": 0.9299320815495118,
    "best_dev_intent_accuracy": 0.9706060606060606,
    "best_dev_slots_precision": 0.5433347998240211,
    "best_dev_slots_recall": 0.5750426819804438,
    "best_dev_slots_span_f1": 0.5587392550143265,
    "dev_intent_accuracy": 0.9742424242424242,
    "dev_slots_precision": 0.5235123367198838,
    "dev_slots_recall": 0.5598323762222567,
    "dev_slots_span_f1": 0.5410635265881647
}