{
    "epoch": "20/20",
    "best_epoch": 19,
    "max_gpu_mem": "3.5656",
    "cur_ram": "1.3370",
    "time_epoch": "0:05:47",
    "time_total": "1:52:26",
    "best_train_intent_loss": 0.06732453103290742,
    "best_train_slots_loss": 0.25601867079406404,
    "train_intent_loss": 0.034113095952129385,
    "train_slots_loss": 0.16272393534006166,
    "best_train_sum": 1.9985876306416746,
    "train_sum": 1.9985876306416746,
    "best_dev_intent_loss": 5.4648463297966465,
    "best_dev_slots_loss": 285.85387018564586,
    "dev_intent_loss": 5.840717730609763,
    "dev_slots_loss": 307.0699671324309,
    "best_dev_sum": 1.7757297613819354,
    "dev_sum": 1.7664027182313997,
    "best_train_intent_accuracy": 0.9992661392042197,
    "best_train_slots_precision": 0.998605046094129,
    "best_train_slots_recall": 0.9988837254449932,
    "best_train_slots_span_f1": 0.9987443663296068,
    "train_intent_accuracy": 0.9995642701525055,
    "train_slots_precision": 0.998920348399932,
    "train_slots_recall": 0.9991263938265164,
    "train_slots_span_f1": 0.9990233604891691,
    "best_dev_intent_accuracy": 0.9736363636363636,
    "best_dev_slots_precision": 0.8332218133154902,
    "best_dev_slots_recall": 0.7732070785470351,
    "best_dev_slots_span_f1": 0.8020933977455716,
    "dev_intent_accuracy": 0.9651515151515152,
    "dev_slots_precision": 0.8289080650514438,
    "dev_slots_recall": 0.775380316671841,
    "dev_slots_span_f1": 0.8012512030798845
}