{
    "epoch": "20/20",
    "best_epoch": 6,
    "max_gpu_mem": "3.5625",
    "cur_ram": "1.3731",
    "time_epoch": "0:26:27",
    "time_total": "11:03:02",
    "best_train_intent_loss": 1.98636559180581,
    "best_train_slots_loss": 85.86126293145642,
    "train_intent_loss": 0.03796482791402577,
    "train_slots_loss": 2.6273901790503458,
    "best_train_sum": 1.9732563883936187,
    "train_sum": 1.9732563883936187,
    "best_dev_intent_loss": 1.1868024748489931,
    "best_dev_slots_loss": 238.92244708860244,
    "dev_intent_loss": 3.5956318562044998,
    "dev_slots_loss": 908.9098105043978,
    "best_dev_sum": 1.544521081892566,
    "dev_sum": 1.5272199890185125,
    "best_train_intent_accuracy": 0.9804150900126132,
    "best_train_slots_precision": 0.7170414172965498,
    "best_train_slots_recall": 0.7209781826900024,
    "best_train_slots_span_f1": 0.7190044112900335,
    "train_intent_accuracy": 0.9995642701525055,
    "train_slots_precision": 0.9574396588683792,
    "train_slots_recall": 0.9905058738911532,
    "train_slots_span_f1": 0.9736921182411133,
    "best_dev_intent_accuracy": 0.9912121212121212,
    "best_dev_slots_precision": 0.5327586206896552,
    "best_dev_slots_recall": 0.5755083035852864,
    "best_dev_slots_span_f1": 0.5533089606804448,
    "dev_intent_accuracy": 0.9836363636363636,
    "dev_slots_precision": 0.523105625717566,
    "dev_slots_recall": 0.5657302498835945,
    "dev_slots_span_f1": 0.543583625382149
}