{
    "epoch": "20/20",
    "best_epoch": 9,
    "max_gpu_mem": "2.6990",
    "cur_ram": "1.4435",
    "time_epoch": "0:24:53",
    "time_total": "6:28:46",
    "best_train_dialect_loss": 1.4526071568111798,
    "best_train_intent_loss": 0.8257875269586453,
    "best_train_slots_loss": 9.341212006715628,
    "train_dialect_loss": 0.39394367555831816,
    "train_intent_loss": 0.12380333427462771,
    "train_slots_loss": 0.7046458282313504,
    "best_train_sum": 2.916819603089302,
    "train_sum": 2.916819603089302,
    "best_dev_dialect_loss": 1.783056416718856,
    "best_dev_intent_loss": 25.41421263632567,
    "best_dev_slots_loss": 116.18475384297578,
    "dev_dialect_loss": 1.8181816930356234,
    "dev_intent_loss": 37.94117036073104,
    "dev_slots_loss": 159.3573835953422,
    "best_dev_sum": 2.3267930103128474,
    "dev_sum": 2.2001921871427834,
    "best_train_dialect_accuracy": 0.6996632996632997,
    "best_train_intent_accuracy": 0.9919963306960211,
    "best_train_slots_precision": 0.9728690605730866,
    "best_train_slots_recall": 0.9763276993824089,
    "best_train_slots_span_f1": 0.9745953114875217,
    "train_dialect_accuracy": 0.9205387205387205,
    "train_intent_accuracy": 0.9987616099071207,
    "train_slots_precision": 0.9972954617119849,
    "train_slots_recall": 0.9977431840518339,
    "train_slots_span_f1": 0.9975192726434606,
    "best_dev_dialect_accuracy": 0.7515151515151515,
    "best_dev_intent_accuracy": 0.796969696969697,
    "best_dev_slots_precision": 0.7848800505050505,
    "best_dev_slots_recall": 0.7718454136271923,
    "best_dev_slots_span_f1": 0.778308161827999,
    "dev_dialect_accuracy": 0.7575757575757576,
    "dev_intent_accuracy": 0.6951515151515152,
    "dev_slots_precision": 0.7829707681849082,
    "dev_slots_recall": 0.7150395778364116,
    "dev_slots_span_f1": 0.7474649144155106
}