{
    "epoch": "20/20",
    "best_epoch": 16,
    "max_gpu_mem": "7.2453",
    "cur_ram": "1.5153",
    "time_epoch": "0:16:24",
    "time_total": "5:35:01",
    "best_train_intent_loss": 0.22058218858296524,
    "best_train_slots_loss": 1.8289031877468722,
    "train_intent_loss": 0.11543177131726229,
    "train_slots_loss": 0.6972021493331002,
    "best_train_sum": 1.9964000580323207,
    "train_sum": 1.9964000580323207,
    "best_dev_intent_loss": 11.61094327524188,
    "best_dev_slots_loss": 189.87641880833186,
    "dev_intent_loss": 10.205447277492585,
    "dev_slots_loss": 218.56110134720802,
    "best_dev_sum": 1.7181368136813684,
    "dev_sum": 1.7122188926629283,
    "best_train_intent_accuracy": 0.9978442839123953,
    "best_train_slots_precision": 0.9947118824970588,
    "best_train_slots_recall": 0.9950980986932307,
    "best_train_slots_span_f1": 0.9949049531134374,
    "train_intent_accuracy": 0.9988992088063295,
    "train_slots_precision": 0.997367750700518,
    "train_slots_recall": 0.9976339832801485,
    "train_slots_span_f1": 0.9975008492259911,
    "best_dev_intent_accuracy": 0.9409090909090909,
    "best_dev_slots_precision": 0.8002301874383426,
    "best_dev_slots_recall": 0.7555107109593294,
    "best_dev_slots_span_f1": 0.7772277227722774,
    "dev_intent_accuracy": 0.9457575757575758,
    "dev_slots_precision": 0.790820538220241,
    "dev_slots_recall": 0.7435579012728967,
    "dev_slots_span_f1": 0.7664613169053525
}