{
    "epoch": "20/20",
    "best_epoch": 16,
    "max_gpu_mem": "6.7186",
    "cur_ram": "1.2390",
    "time_epoch": "0:01:35",
    "time_total": "0:35:19",
    "best_train_intent_loss": 0.24174821384811915,
    "best_train_slots_loss": 5.793154065326978,
    "train_intent_loss": 0.1564813120470893,
    "train_slots_loss": 3.3041460283340944,
    "best_train_sum": 1.9925918957309092,
    "train_sum": 1.9925918957309092,
    "best_dev_intent_loss": 0.8184034446762367,
    "best_dev_slots_loss": 22.71327018737793,
    "dev_intent_loss": 0.7398364224090156,
    "dev_slots_loss": 29.34335032376376,
    "best_dev_sum": 1.9625217694183212,
    "dev_sum": 1.9549187359439846,
    "best_train_intent_accuracy": 0.9993265993265993,
    "best_train_slots_precision": 0.9857118264761577,
    "best_train_slots_recall": 0.9880931837791199,
    "best_train_slots_span_f1": 0.9869010685970356,
    "train_intent_accuracy": 0.9996632996632997,
    "train_slots_precision": 0.992415100844682,
    "train_slots_recall": 0.9934426229508196,
    "train_slots_span_f1": 0.9929285960676095,
    "best_dev_intent_accuracy": 0.9939393939393939,
    "best_dev_slots_precision": 0.9619482496194824,
    "best_dev_slots_recall": 0.9753086419753086,
    "best_dev_slots_span_f1": 0.9685823754789272,
    "dev_intent_accuracy": 0.9939393939393939,
    "dev_slots_precision": 0.952959028831563,
    "dev_slots_recall": 0.9691358024691358,
    "dev_slots_span_f1": 0.9609793420045906
}