{
    "epoch": "20/20",
    "best_epoch": 5,
    "max_gpu_mem": "2.7062",
    "cur_ram": "1.4353",
    "time_epoch": "0:32:50",
    "time_total": "10:51:10",
    "best_train_intent_loss": 4.125661158204335,
    "best_train_slots_loss": 116.37596168266363,
    "train_intent_loss": 0.1865428263409684,
    "train_slots_loss": 12.276858490233547,
    "best_train_sum": 1.9470092609885394,
    "train_sum": 1.9470092609885394,
    "best_dev_intent_loss": 2.3061152912783793,
    "best_dev_slots_loss": 212.76304211983313,
    "dev_intent_loss": 2.0628721371155665,
    "dev_slots_loss": 469.03226387042264,
    "best_dev_sum": 1.539873031611273,
    "dev_sum": 1.5329145889752178,
    "best_train_intent_accuracy": 0.962114436417842,
    "best_train_slots_precision": 0.6637648969453799,
    "best_train_slots_recall": 0.6663270198993048,
    "best_train_slots_span_f1": 0.6650434907455044,
    "train_intent_accuracy": 0.998463478958835,
    "train_slots_precision": 0.9347727404993307,
    "train_slots_recall": 0.96273076000959,
    "train_slots_span_f1": 0.9485457820297044,
    "best_dev_intent_accuracy": 0.9812121212121212,
    "best_dev_slots_precision": 0.5455621301775148,
    "best_dev_slots_recall": 0.5724041595530033,
    "best_dev_slots_span_f1": 0.5586609103991518,
    "dev_intent_accuracy": 0.9854545454545455,
    "dev_slots_precision": 0.5299244625217897,
    "dev_slots_recall": 0.5661958714884371,
    "dev_slots_span_f1": 0.5474600435206723
}