{
    "epoch": "20/20",
    "best_epoch": 11,
    "max_gpu_mem": "7.2520",
    "cur_ram": "1.4971",
    "time_epoch": "0:16:47",
    "time_total": "5:34:09",
    "best_train_intent_loss": 0.9936859092641522,
    "best_train_slots_loss": 52.05629141554455,
    "train_intent_loss": 0.3233982722210393,
    "train_slots_loss": 20.648521878152998,
    "best_train_sum": 1.9112865488522017,
    "train_sum": 1.9112865488522017,
    "best_dev_intent_loss": 2.8809486239199313,
    "best_dev_slots_loss": 254.94685165469463,
    "dev_intent_loss": 3.800932901604448,
    "dev_slots_loss": 373.3637604873914,
    "best_dev_sum": 1.546868402029594,
    "dev_sum": 1.5239667750886672,
    "best_train_intent_accuracy": 0.9902075450063066,
    "best_train_slots_precision": 0.8137997570213679,
    "best_train_slots_recall": 0.8190481898825221,
    "best_train_slots_span_f1": 0.81641553848176,
    "train_intent_accuracy": 0.9963536291709666,
    "train_slots_precision": 0.9038978966332093,
    "train_slots_recall": 0.9262407096619516,
    "train_slots_span_f1": 0.9149329196812351,
    "best_dev_intent_accuracy": 0.9815151515151516,
    "best_dev_slots_precision": 0.5553226530917802,
    "best_dev_slots_recall": 0.5757528717789506,
    "best_dev_slots_span_f1": 0.5653532505144424,
    "dev_intent_accuracy": 0.9787878787878788,
    "dev_slots_precision": 0.5327407407407407,
    "dev_slots_recall": 0.558211735485874,
    "dev_slots_span_f1": 0.5451788963007883
}