{
    "epoch": "20/20",
    "best_epoch": 7,
    "max_gpu_mem": "4.0795",
    "cur_ram": "1.4167",
    "time_epoch": "0:17:02",
    "time_total": "5:50:19",
    "best_train_intent_loss": 2.3640461176760583,
    "best_train_slots_loss": 83.39204809548482,
    "train_intent_loss": 0.341564653717081,
    "train_slots_loss": 18.178392907406423,
    "best_train_sum": 1.9238140101889407,
    "train_sum": 1.9238140101889407,
    "best_dev_intent_loss": 2.732507906757886,
    "best_dev_slots_loss": 206.7396306028733,
    "dev_intent_loss": 3.9306742987388974,
    "dev_slots_loss": 410.1146779862734,
    "best_dev_sum": 1.5350894420339498,
    "dev_sum": 1.516830170754269,
    "best_train_intent_accuracy": 0.9783511065244811,
    "best_train_slots_precision": 0.7390813073885533,
    "best_train_slots_recall": 0.7448933109566052,
    "best_train_slots_span_f1": 0.7419759277833501,
    "train_intent_accuracy": 0.9963306960210985,
    "train_slots_precision": 0.9173369603451915,
    "train_slots_recall": 0.9378566291057301,
    "train_slots_span_f1": 0.9274833141678422,
    "best_dev_intent_accuracy": 0.9766666666666667,
    "best_dev_slots_precision": 0.5479533910965043,
    "best_dev_slots_recall": 0.5693000155207202,
    "best_dev_slots_span_f1": 0.5584227753672831,
    "dev_intent_accuracy": 0.9766666666666667,
    "dev_slots_precision": 0.5226415094339623,
    "dev_slots_recall": 0.5589011330125718,
    "dev_slots_span_f1": 0.5401635040876023
}