{
    "epoch": "20/20",
    "best_epoch": 9,
    "max_gpu_mem": "2.7255",
    "cur_ram": "1.5827",
    "time_epoch": "0:42:27",
    "time_total": "19:42:53",
    "best_train_intent_loss": 0.7861186387837849,
    "best_train_ner_loss": 0.83937225953748,
    "best_train_slots_loss": 36.35204382035653,
    "train_intent_loss": 0.1595510320950671,
    "train_ner_loss": 0.053995578382945275,
    "train_slots_loss": 8.898950851857284,
    "best_train_sum": 2.930217966640164,
    "train_sum": 2.930217966640164,
    "best_dev_intent_loss": 1.4353999183532076,
    "best_dev_ner_loss": 8.530846200008623,
    "best_dev_slots_loss": 102.09685600045239,
    "dev_intent_loss": 1.8030548527501458,
    "dev_ner_loss": 10.895047490896001,
    "dev_slots_loss": 181.45369388217387,
    "best_dev_sum": 2.4491229566364177,
    "dev_sum": 2.442303562668402,
    "best_train_intent_accuracy": 0.9872721018231854,
    "best_train_ner_precision": 0.9809267848628029,
    "best_train_ner_recall": 0.9814373075421781,
    "best_train_ner_span_f1": 0.9811819797944761,
    "best_train_slots_precision": 0.7850926212160845,
    "best_train_slots_recall": 0.7915487892591705,
    "best_train_slots_span_f1": 0.7883074865990951,
    "train_intent_accuracy": 0.9969498910675382,
    "train_ner_precision": 0.9990892531876139,
    "train_ner_recall": 0.9991325844645877,
    "train_ner_span_f1": 0.9991109183562832,
    "train_slots_precision": 0.9216777505541944,
    "train_slots_recall": 0.9469791416926396,
    "train_slots_span_f1": 0.9341571572163425,
    "best_dev_intent_accuracy": 0.9733333333333334,
    "best_dev_ner_precision": 0.9256226543841692,
    "best_dev_ner_recall": 0.9221617946974847,
    "best_dev_ner_span_f1": 0.9238889834837392,
    "best_dev_slots_precision": 0.5358082432037415,
    "best_dev_slots_recall": 0.5689896011174919,
    "best_dev_slots_span_f1": 0.551900639819345,
    "dev_intent_accuracy": 0.9766666666666667,
    "dev_ner_precision": 0.9294520547945205,
    "dev_ner_recall": 0.9225016995241332,
    "dev_ner_span_f1": 0.9259638348686455,
    "dev_slots_precision": 0.5198446937014668,
    "dev_slots_recall": 0.56107403383517,
    "dev_slots_span_f1": 0.5396730611330895
}