{
    "epoch": "20/20",
    "best_epoch": 4,
    "max_gpu_mem": "2.7066",
    "cur_ram": "1.4271",
    "time_epoch": "0:32:48",
    "time_total": "10:52:09",
    "best_train_intent_loss": 7.010840482804979,
    "best_train_slots_loss": 137.2818096530053,
    "train_intent_loss": 0.20517487408523055,
    "train_slots_loss": 12.664630997215898,
    "best_train_sum": 1.9444767227960031,
    "train_sum": 1.9444767227960031,
    "best_dev_intent_loss": 2.5540300058917356,
    "best_dev_slots_loss": 212.08527946930664,
    "dev_intent_loss": 2.014778013619434,
    "dev_slots_loss": 465.1518607735634,
    "best_dev_sum": 1.544559384348382,
    "dev_sum": 1.5306786427145709,
    "best_train_intent_accuracy": 0.9410159385391583,
    "best_train_slots_precision": 0.6177716775079072,
    "best_train_slots_recall": 0.6204747063054423,
    "best_train_slots_span_f1": 0.6191202416195688,
    "train_intent_accuracy": 0.9980506822612085,
    "train_slots_precision": 0.9326784300945109,
    "train_slots_recall": 0.9605849916087269,
    "train_slots_span_f1": 0.9464260405347946,
    "best_dev_intent_accuracy": 0.9757575757575757,
    "best_dev_slots_precision": 0.552805038816464,
    "best_dev_slots_recall": 0.5857519788918206,
    "best_dev_slots_span_f1": 0.5688018085908064,
    "dev_intent_accuracy": 0.9866666666666667,
    "dev_slots_precision": 0.5253722712158451,
    "dev_slots_recall": 0.5640229706658388,
    "dev_slots_span_f1": 0.5440119760479042
}