{
    "epoch": "20/20",
    "best_epoch": 6,
    "max_gpu_mem": "3.2234",
    "cur_ram": "1.4129",
    "time_epoch": "0:00:12",
    "time_total": "0:12:19",
    "best_train_intent_loss": 1.7134282922232023,
    "best_train_slots_loss": 27.492391637576524,
    "train_intent_loss": 0.0875334697425045,
    "train_slots_loss": 2.0380263892553185,
    "best_train_sum": 1.9939726633466934,
    "train_sum": 1.9939726633466934,
    "best_dev_intent_loss": 1.2111041837117889,
    "best_dev_slots_loss": 26.369318528608844,
    "dev_intent_loss": 1.1074982216497036,
    "dev_slots_loss": 37.072888287630946,
    "best_dev_sum": 1.9519480519480519,
    "dev_sum": 1.9450844321073328,
    "best_train_intent_accuracy": 0.9956228956228956,
    "best_train_slots_precision": 0.9302795554058606,
    "best_train_slots_recall": 0.9532355478861088,
    "best_train_slots_span_f1": 0.9416176595926021,
    "train_intent_accuracy": 0.9996632996632997,
    "train_slots_precision": 0.9936239875926245,
    "train_slots_recall": 0.9949956859361518,
    "train_slots_span_f1": 0.9943093636833937,
    "best_dev_intent_accuracy": 0.990909090909091,
    "best_dev_slots_precision": 0.9515885022692889,
    "best_dev_slots_recall": 0.970679012345679,
    "best_dev_slots_span_f1": 0.961038961038961,
    "dev_intent_accuracy": 0.9939393939393939,
    "dev_slots_precision": 0.9410876132930514,
    "dev_slots_recall": 0.9614197530864198,
    "dev_slots_span_f1": 0.9511450381679389
}