{
    "epoch": "20/20",
    "best_epoch": 17,
    "max_gpu_mem": "2.7309",
    "cur_ram": "1.5849",
    "time_epoch": "0:43:27",
    "time_total": "19:41:57",
    "best_train_intent_loss": 0.21442499797484452,
    "best_train_ner_loss": 0.072213956331207,
    "best_train_slots_loss": 12.17466941378673,
    "train_intent_loss": 0.1612440222664825,
    "train_ner_loss": 0.03367171879291332,
    "train_slots_loss": 8.794419352455899,
    "best_train_sum": 2.930746318355966,
    "train_sum": 2.930746318355966,
    "best_dev_intent_loss": 1.018165945635377,
    "best_dev_ner_loss": 10.231336205594452,
    "best_dev_slots_loss": 167.6324249626654,
    "dev_intent_loss": 1.101562845252967,
    "dev_ner_loss": 10.269957831996654,
    "dev_slots_loss": 184.50492140349107,
    "best_dev_sum": 2.447275621765962,
    "dev_sum": 2.446937936570132,
    "best_train_intent_accuracy": 0.9959637656232083,
    "best_train_ner_precision": 0.9982222607639942,
    "best_train_ner_recall": 0.9984820228130286,
    "best_train_ner_span_f1": 0.9983521248915871,
    "best_train_slots_precision": 0.904001311521482,
    "best_train_slots_recall": 0.9254255574202829,
    "best_train_slots_span_f1": 0.9145879858071165,
    "train_intent_accuracy": 0.9968352253181975,
    "train_ner_precision": 0.9996096799375488,
    "train_ner_recall": 0.9996530337858351,
    "train_ner_span_f1": 0.9996313563916297,
    "train_slots_precision": 0.9214170805063999,
    "train_slots_recall": 0.9475065931431311,
    "train_slots_span_f1": 0.934279736646139,
    "best_dev_intent_accuracy": 0.9854545454545455,
    "best_dev_ner_precision": 0.9236301369863014,
    "best_dev_ner_recall": 0.9167233174711081,
    "best_dev_ner_span_f1": 0.9201637666325487,
    "best_dev_slots_precision": 0.5231347599768652,
    "best_dev_slots_recall": 0.5615396554400124,
    "best_dev_slots_span_f1": 0.5416573096788682,
    "dev_intent_accuracy": 0.9842424242424243,
    "dev_ner_precision": 0.9262295081967213,
    "dev_ner_recall": 0.9218218898708361,
    "dev_ner_span_f1": 0.9240204429301534,
    "dev_slots_precision": 0.5213476619227418,
    "dev_slots_recall": 0.5571938537948161,
    "dev_slots_span_f1": 0.5386750693975543
}