{
    "epoch": "20/20",
    "best_epoch": 20,
    "max_gpu_mem": "3.0561",
    "cur_ram": "1.4502",
    "time_epoch": "0:30:27",
    "time_total": "8:44:16",
    "best_train_intent_loss": 0.13939954389411832,
    "best_train_slots_loss": 0.7634362517418593,
    "best_train_upos_loss": 0.03232690223613229,
    "train_intent_loss": 0.13939954389411832,
    "train_slots_loss": 0.7634362517418593,
    "train_upos_loss": 0.03232690223613229,
    "best_train_sum": 2.764135926126562,
    "train_sum": 2.764135926126562,
    "best_dev_intent_loss": 7.2289702483497384,
    "best_dev_slots_loss": 136.70315745544434,
    "best_dev_upos_loss": 0.10316199750825762,
    "dev_intent_loss": 7.2289702483497384,
    "dev_slots_loss": 136.70315745544434,
    "dev_upos_loss": 0.10316199750825762,
    "best_dev_sum": 2.560026388643806,
    "dev_sum": 2.560026388643806,
    "best_train_intent_accuracy": 0.9984864121087031,
    "best_train_slots_precision": 0.997209990659534,
    "best_train_slots_recall": 0.9974519819940061,
    "best_train_slots_span_f1": 0.9973309716476397,
    "best_train_upos_accuracy": 0.7683185423702191,
    "train_intent_accuracy": 0.9984864121087031,
    "train_slots_precision": 0.997209990659534,
    "train_slots_recall": 0.9974519819940061,
    "train_slots_span_f1": 0.9973309716476397,
    "train_upos_accuracy": 0.7683185423702191,
    "best_dev_intent_accuracy": 0.9557575757575758,
    "best_dev_slots_precision": 0.8218617105055914,
    "best_dev_slots_recall": 0.8098711780226603,
    "best_dev_slots_span_f1": 0.8158223889931207,
    "best_dev_upos_accuracy": 0.7884464238931098,
    "dev_intent_accuracy": 0.9557575757575758,
    "dev_slots_precision": 0.8218617105055914,
    "dev_slots_recall": 0.8098711780226603,
    "dev_slots_span_f1": 0.8158223889931207,
    "dev_upos_accuracy": 0.7884464238931098
}