{
  "playlist": {
    "precision": 0.7413793103448276,
    "recall": 0.591743119266055,
    "f1-score": 0.6581632653061223,
    "support": 654,
    "confused_with": {
      "object_name": 50
    }
  },
  "album": {
    "precision": 0.0,
    "recall": 0.0,
    "f1-score": 0.0,
    "support": 28,
    "confused_with": {
      "object_name": 26,
      "track": 1,
      "artist": 1
    }
  },
  "weather__attribute": {
    "precision": 0.6941747572815534,
    "recall": 0.3108695652173913,
    "f1-score": 0.4294294294294294,
    "support": 460,
    "confused_with": {
      "artist": 23
    }
  },
  "facility": {
    "precision": 0.8333333333333334,
    "recall": 0.7692307692307693,
    "f1-score": 0.8,
    "support": 13,
    "confused_with": {
      "served_dish": 1
    }
  },
  "entity_name": {
    "precision": 0.24528301886792453,
    "recall": 0.23636363636363636,
    "f1-score": 0.24074074074074073,
    "support": 110,
    "confused_with": {
      "artist": 15
    }
  },
  "condition_temperature": {
    "precision": 0.14285714285714285,
    "recall": 0.022727272727272728,
    "f1-score": 0.0392156862745098,
    "support": 44,
    "confused_with": {
      "weather__attribute": 7,
      "entity_name": 2
    }
  },
  "reminder__todo": {
    "precision": 1.0,
    "recall": 0.03125,
    "f1-score": 0.06060606060606061,
    "support": 544,
    "confused_with": {
      "artist": 35,
      "object_name": 32
    }
  },
  "music_item": {
    "precision": 0.7181208053691275,
    "recall": 0.5023474178403756,
    "f1-score": 0.5911602209944751,
    "support": 213,
    "confused_with": {
      "object_type": 28
    }
  },
  "datetime": {
    "precision": 0.8258096172718351,
    "recall": 0.5797450912848777,
    "f1-score": 0.6812386156648452,
    "support": 2903,
    "confused_with": {
      "location": 179
    }
  },
  "track": {
    "precision": 0.0,
    "recall": 0.0,
    "f1-score": 0.0,
    "support": 10,
    "confused_with": {
      "artist": 3
    }
  },
  "party_size_number": {
    "precision": 0.71900826446281,
    "recall": 0.6444444444444445,
    "f1-score": 0.6796875000000001,
    "support": 135,
    "confused_with": {
      "served_dish": 8
    }
  },
  "cuisine": {
    "precision": 0.08695652173913043,
    "recall": 0.10526315789473684,
    "f1-score": 0.09523809523809525,
    "support": 19,
    "confused_with": {
      "location": 17
    }
  },
  "genre": {
    "precision": 0.21428571428571427,
    "recall": 0.6,
    "f1-score": 0.3157894736842105,
    "support": 10,
    "confused_with": {}
  },
  "served_dish": {
    "precision": 0.4875,
    "recall": 0.8297872340425532,
    "f1-score": 0.6141732283464566,
    "support": 47,
    "confused_with": {
      "service": 7,
      "artist": 1
    }
  },
  "object_name": {
    "precision": 0.6504279131007241,
    "recall": 0.902283105022831,
    "f1-score": 0.7559296097934202,
    "support": 1095,
    "confused_with": {
      "location": 31
    }
  },
  "rating_value": {
    "precision": 0.7094594594594594,
    "recall": 0.6730769230769231,
    "f1-score": 0.6907894736842106,
    "support": 156,
    "confused_with": {
      "object_name": 12
    }
  },
  "service": {
    "precision": 0.815028901734104,
    "recall": 0.986013986013986,
    "f1-score": 0.8924050632911392,
    "support": 143,
    "confused_with": {
      "artist": 1,
      "location": 1
    }
  },
  "object_location_type": {
    "precision": 0.7142857142857143,
    "recall": 0.078125,
    "f1-score": 0.14084507042253522,
    "support": 64,
    "confused_with": {
      "object_type": 11,
      "movie_type": 9
    }
  },
  "restaurant": {
    "precision": 0.0,
    "recall": 0.0,
    "f1-score": 0.0,
    "support": 1,
    "confused_with": {
      "restaurant_type": 1
    }
  },
  "party_size_description": {
    "precision": 0.6624472573839663,
    "recall": 0.7511961722488039,
    "f1-score": 0.7040358744394619,
    "support": 209,
    "confused_with": {
      "artist": 33
    }
  },
  "artist": {
    "precision": 0.4703296703296703,
    "recall": 0.9344978165938864,
    "f1-score": 0.6257309941520468,
    "support": 458,
    "confused_with": {
      "object_name": 17,
      "location": 4
    }
  },
  "object_type": {
    "precision": 0.6666666666666666,
    "recall": 0.4398826979472141,
    "f1-score": 0.5300353356890459,
    "support": 341,
    "confused_with": {
      "movie_type": 44
    }
  },
  "best_rating": {
    "precision": 0.7383177570093458,
    "recall": 0.7452830188679245,
    "f1-score": 0.7417840375586855,
    "support": 106,
    "confused_with": {
      "rating_value": 10,
      "location": 4
    }
  },
  "movie_name": {
    "precision": 0.6713615023474179,
    "recall": 0.4798657718120805,
    "f1-score": 0.5596868884540117,
    "support": 298,
    "confused_with": {
      "object_name": 116,
      "entity_name": 16
    }
  },
  "refe": {
    "precision": 0.0,
    "recall": 0.0,
    "f1-score": 0.0,
    "support": 1,
    "confused_with": {
      "reference": 1
    }
  },
  "movie_type": {
    "precision": 0.4825174825174825,
    "recall": 0.7666666666666667,
    "f1-score": 0.5922746781115881,
    "support": 90,
    "confused_with": {
      "object_type": 2
    }
  },
  "reference": {
    "precision": 0.9010989010989011,
    "recall": 0.239067055393586,
    "f1-score": 0.3778801843317972,
    "support": 343,
    "confused_with": {
      "datetime": 24
    }
  },
  "restaurant_type": {
    "precision": 0.9197530864197531,
    "recall": 0.8816568047337278,
    "f1-score": 0.9003021148036253,
    "support": 169,
    "confused_with": {
      "location": 1
    }
  },
  "condition_description": {
    "precision": 0.23529411764705882,
    "recall": 0.08163265306122448,
    "f1-score": 0.12121212121212122,
    "support": 98,
    "confused_with": {
      "weather__attribute": 25,
      "location": 8
    }
  },
  "sort": {
    "precision": 0.8095238095238095,
    "recall": 0.4689655172413793,
    "f1-score": 0.593886462882096,
    "support": 145,
    "confused_with": {
      "artist": 8
    }
  },
  "recurring_datetime": {
    "precision": 1.0,
    "recall": 0.0856269113149847,
    "f1-score": 0.15774647887323942,
    "support": 327,
    "confused_with": {
      "datetime": 196
    }
  },
  "restaurant_name": {
    "precision": 0.7068965517241379,
    "recall": 0.5466666666666666,
    "f1-score": 0.6165413533834586,
    "support": 75,
    "confused_with": {
      "object_name": 17
    }
  },
  "object_select": {
    "precision": 0.96,
    "recall": 0.25,
    "f1-score": 0.39669421487603307,
    "support": 96,
    "confused_with": {
      "object_name": 9
    }
  },
  "rating_unit": {
    "precision": 1.0,
    "recall": 0.20161290322580644,
    "f1-score": 0.3355704697986577,
    "support": 124,
    "confused_with": {
      "service": 7
    }
  },
  "location": {
    "precision": 0.5830023828435266,
    "recall": 0.6624548736462094,
    "f1-score": 0.6201943388255176,
    "support": 1108,
    "confused_with": {
      "object_name": 34
    }
  },
  "micro avg": {
    "precision": 0.6738611836873794,
    "recall": 0.5576760364764501,
    "f1-score": 0.6102880658436214,
    "support": 10637
  },
  "macro avg": {
    "precision": 0.5830034188544325,
    "recall": 0.43995275005274326,
    "f1-score": 0.4445424880247897,
    "support": 10637
  },
  "weighted avg": {
    "precision": 0.7334349561063976,
    "recall": 0.5576760364764501,
    "f1-score": 0.5789668922006352,
    "support": 10637
  },
  "accuracy": 0.7373933456728816
}