{
  "alarm__show_alarms": {
    "precision": 0.35714285714285715,
    "recall": 0.32608695652173914,
    "f1-score": 0.34090909090909094,
    "support": 46,
    "confused_with": {
      "alarm__set_alarm": 20,
      "alarm__modify_alarm": 7
    }
  },
  "reminder__show_reminders": {
    "precision": 0.045454545454545456,
    "recall": 0.010526315789473684,
    "f1-score": 0.017094017094017096,
    "support": 95,
    "confused_with": {
      "SearchCreativeWork": 88,
      "PlayMusic": 3,
      "alarm__set_alarm": 1
    }
  },
  "BookRestaurant": {
    "precision": 0.7180232558139535,
    "recall": 0.8821428571428571,
    "f1-score": 0.7916666666666666,
    "support": 280,
    "confused_with": {
      "SearchCreativeWork": 22,
      "AddToPlaylist": 4
    }
  },
  "reminder__cancel_reminder": {
    "precision": 0.0,
    "recall": 0.0,
    "f1-score": 0.0,
    "support": 90,
    "confused_with": {
      "SearchCreativeWork": 79,
      "reminder__show_reminders": 4,
      "BookRestaurant": 3
    }
  },
  "weather__find": {
    "precision": 0.9603174603174603,
    "recall": 0.32570659488559894,
    "f1-score": 0.48643216080402013,
    "support": 743,
    "confused_with": {
      "SearchCreativeWork": 128,
      "AddToPlaylist": 95
    }
  },
  "alarm__set_alarm": {
    "precision": 0.5788177339901478,
    "recall": 1.0,
    "f1-score": 0.733229329173167,
    "support": 235,
    "confused_with": {}
  },
  "SearchCreativeWork": {
    "precision": 0.2261904761904762,
    "recall": 0.9144385026737968,
    "f1-score": 0.3626723223753977,
    "support": 187,
    "confused_with": {
      "AddToPlaylist": 10,
      "SearchScreeningEvent": 3
    }
  },
  "SearchScreeningEvent": {
    "precision": 0.7513513513513513,
    "recall": 0.5840336134453782,
    "f1-score": 0.6572104018912529,
    "support": 238,
    "confused_with": {
      "SearchCreativeWork": 72,
      "AddToPlaylist": 14
    }
  },
  "PlayMusic": {
    "precision": 0.5845070422535211,
    "recall": 0.70042194092827,
    "f1-score": 0.637236084452975,
    "support": 237,
    "confused_with": {
      "SearchCreativeWork": 48,
      "AddToPlaylist": 12
    }
  },
  "reminder__set_reminder": {
    "precision": 0.7,
    "recall": 0.10144927536231885,
    "f1-score": 0.17721518987341772,
    "support": 138,
    "confused_with": {
      "alarm__set_alarm": 34,
      "AddToPlaylist": 28,
      "SearchCreativeWork": 24
    }
  },
  "RateBook": {
    "precision": 0.8764044943820225,
    "recall": 0.49056603773584906,
    "f1-score": 0.6290322580645161,
    "support": 159,
    "confused_with": {
      "SearchCreativeWork": 50,
      "AddToPlaylist": 10
    }
  },
  "alarm__snooze_alarm": {
    "precision": 0.0,
    "recall": 0.0,
    "f1-score": 0.0,
    "support": 14,
    "confused_with": {
      "alarm__cancel_alarm": 8,
      "alarm__set_alarm": 6
    }
  },
  "alarm__cancel_alarm": {
    "precision": 0.3793103448275862,
    "recall": 0.2462686567164179,
    "f1-score": 0.2986425339366515,
    "support": 134,
    "confused_with": {
      "alarm__set_alarm": 74,
      "alarm__show_alarms": 24
    }
  },
  "alarm__modify_alarm": {
    "precision": 0.1,
    "recall": 0.09090909090909091,
    "f1-score": 0.09523809523809525,
    "support": 11,
    "confused_with": {
      "alarm__set_alarm": 6,
      "alarm__cancel_alarm": 3
    }
  },
  "AddToPlaylist": {
    "precision": 0.33204633204633205,
    "recall": 0.41346153846153844,
    "f1-score": 0.36830835117773014,
    "support": 208,
    "confused_with": {
      "SearchCreativeWork": 72,
      "PlayMusic": 27
    }
  },
  "micro avg": {
    "precision": 0.507643085673658,
    "recall": 0.5072824156305507,
    "f1-score": 0.5074626865671642,
    "support": 2815
  },
  "macro avg": {
    "precision": 0.4406377262513502,
    "recall": 0.40573409203815525,
    "f1-score": 0.37299243344379984,
    "support": 2815
  },
  "weighted avg": {
    "precision": 0.6351404095704506,
    "recall": 0.5072824156305507,
    "f1-score": 0.49382125652932796,
    "support": 2815
  },
  "accuracy": 0.5072824156305507
}