{
  "alarm__cancel_alarm": {
    "precision": 0.26785714285714285,
    "recall": 0.22388059701492538,
    "f1-score": 0.24390243902439024,
    "support": 134,
    "confused_with": {
      "alarm__show_alarms": 95,
      "SearchScreeningEvent": 5
    }
  },
  "PlayMusic": {
    "precision": 0.5535055350553506,
    "recall": 0.6329113924050633,
    "f1-score": 0.5905511811023623,
    "support": 237,
    "confused_with": {
      "BookRestaurant": 25,
      "AddToPlaylist": 22
    }
  },
  "BookRestaurant": {
    "precision": 0.5947867298578199,
    "recall": 0.8964285714285715,
    "f1-score": 0.7150997150997151,
    "support": 280,
    "confused_with": {
      "SearchScreeningEvent": 18,
      "PlayMusic": 4
    }
  },
  "alarm__modify_alarm": {
    "precision": 0.03333333333333333,
    "recall": 0.09090909090909091,
    "f1-score": 0.04878048780487805,
    "support": 11,
    "confused_with": {
      "alarm__cancel_alarm": 4,
      "SearchScreeningEvent": 3,
      "alarm__show_alarms": 2
    }
  },
  "reminder__show_reminders": {
    "precision": 0.13636363636363635,
    "recall": 0.031578947368421054,
    "f1-score": 0.05128205128205129,
    "support": 95,
    "confused_with": {
      "SearchCreativeWork": 32,
      "weather__find": 31,
      "SearchScreeningEvent": 8
    }
  },
  "SearchScreeningEvent": {
    "precision": 0.38944723618090454,
    "recall": 0.6512605042016807,
    "f1-score": 0.48742138364779874,
    "support": 238,
    "confused_with": {
      "SearchCreativeWork": 42,
      "PlayMusic": 15
    }
  },
  "AddToPlaylist": {
    "precision": 0.39768339768339767,
    "recall": 0.4951923076923077,
    "f1-score": 0.4411134903640257,
    "support": 208,
    "confused_with": {
      "SearchCreativeWork": 32,
      "PlayMusic": 19
    }
  },
  "reminder__cancel_reminder": {
    "precision": 0.07142857142857142,
    "recall": 0.011111111111111112,
    "f1-score": 0.019230769230769232,
    "support": 90,
    "confused_with": {
      "SearchCreativeWork": 34,
      "alarm__cancel_alarm": 18,
      "BookRestaurant": 17
    }
  },
  "SearchCreativeWork": {
    "precision": 0.2695167286245353,
    "recall": 0.7754010695187166,
    "f1-score": 0.4,
    "support": 187,
    "confused_with": {
      "SearchScreeningEvent": 23,
      "weather__find": 8
    }
  },
  "reminder__set_reminder": {
    "precision": 0.0,
    "recall": 0.0,
    "f1-score": 0.0,
    "support": 138,
    "confused_with": {
      "SearchScreeningEvent": 30,
      "BookRestaurant": 26,
      "AddToPlaylist": 25
    }
  },
  "alarm__snooze_alarm": {
    "precision": 0.0,
    "recall": 0.0,
    "f1-score": 0.0,
    "support": 14,
    "confused_with": {
      "alarm__show_alarms": 8,
      "alarm__cancel_alarm": 5,
      "alarm__set_alarm": 1
    }
  },
  "alarm__set_alarm": {
    "precision": 0.9467455621301775,
    "recall": 0.6808510638297872,
    "f1-score": 0.7920792079207919,
    "support": 235,
    "confused_with": {
      "alarm__show_alarms": 43,
      "alarm__modify_alarm": 13
    }
  },
  "alarm__show_alarms": {
    "precision": 0.18032786885245902,
    "recall": 0.717391304347826,
    "f1-score": 0.2882096069868996,
    "support": 46,
    "confused_with": {
      "alarm__modify_alarm": 8,
      "PlayMusic": 2
    }
  },
  "weather__find": {
    "precision": 0.6137931034482759,
    "recall": 0.2395693135935397,
    "f1-score": 0.3446272991287512,
    "support": 743,
    "confused_with": {
      "SearchCreativeWork": 211,
      "SearchScreeningEvent": 111
    }
  },
  "RateBook": {
    "precision": 0.7662337662337663,
    "recall": 0.3710691823899371,
    "f1-score": 0.5,
    "support": 159,
    "confused_with": {
      "AddToPlaylist": 41,
      "SearchCreativeWork": 18
    }
  },
  "micro avg": {
    "precision": 0.45483870967741935,
    "recall": 0.4507992895204263,
    "f1-score": 0.4528099910793934,
    "support": 2815
  },
  "macro avg": {
    "precision": 0.34806817413662466,
    "recall": 0.3878369637207319,
    "f1-score": 0.3281531754394955,
    "support": 2815
  },
  "weighted avg": {
    "precision": 0.4930123224880927,
    "recall": 0.4507992895204263,
    "f1-score": 0.42540776582103207,
    "support": 2815
  },
  "accuracy": 0.4507992895204263
}