{
    "epoch": "20/20",
    "best_epoch": 15,
    "max_gpu_mem": "3.1456",
    "cur_ram": "1.4191",
    "time_epoch": "0:15:44",
    "time_total": "5:14:27",
    "best_train_intent_loss": 0.47569349622382096,
    "best_train_slots_loss": 29.123532868970955,
    "train_intent_loss": 0.2862508924027691,
    "train_slots_loss": 17.588857770753275,
    "best_train_sum": 1.9245554992415004,
    "train_sum": 1.9245554992415004,
    "best_dev_intent_loss": 5.8387405968454775,
    "best_dev_slots_loss": 326.24767862833465,
    "dev_intent_loss": 7.046256910004349,
    "dev_slots_loss": 405.335328748593,
    "best_dev_sum": 1.5035202774008742,
    "dev_sum": 1.488287404129189,
    "best_train_intent_accuracy": 0.9948629744295379,
    "best_train_slots_precision": 0.8813024220148902,
    "best_train_slots_recall": 0.8968113162311196,
    "best_train_slots_span_f1": 0.8889892340233381,
    "train_intent_accuracy": 0.9969269579176699,
    "train_slots_precision": 0.9162710199499497,
    "train_slots_recall": 0.9392711579956845,
    "train_slots_span_f1": 0.9276285413238305,
    "best_dev_intent_accuracy": 0.9651515151515152,
    "best_dev_slots_precision": 0.5233768137183057,
    "best_dev_slots_recall": 0.5542449169641471,
    "best_dev_slots_span_f1": 0.5383687622493591,
    "dev_intent_accuracy": 0.9603030303030303,
    "dev_slots_precision": 0.511648223645894,
    "dev_slots_recall": 0.5453981064721403,
    "dev_slots_span_f1": 0.5279843738261587
}