{
  "reminder__todo": {
    "precision": 0.5151515151515151,
    "recall": 0.061371841155234655,
    "f1-score": 0.10967741935483873,
    "support": 554,
    "confused_with": {
      "artist": 122,
      "party_size_description": 116
    }
  },
  "sort": {
    "precision": 0.5032679738562091,
    "recall": 0.5238095238095238,
    "f1-score": 0.5133333333333333,
    "support": 147,
    "confused_with": {
      "party_size_description": 14
    }
  },
  "restaurant_type": {
    "precision": 0.5976095617529881,
    "recall": 0.8620689655172413,
    "f1-score": 0.7058823529411764,
    "support": 174,
    "confused_with": {
      "party_size_description": 5
    }
  },
  "object_select": {
    "precision": 0.0,
    "recall": 0.0,
    "f1-score": 0.0,
    "support": 96,
    "confused_with": {
      "party_size_description": 25,
      "artist": 13
    }
  },
  "weather__attribute": {
    "precision": 0.6323529411764706,
    "recall": 0.0730050933786078,
    "f1-score": 0.1308980213089802,
    "support": 589,
    "confused_with": {
      "artist": 37
    }
  },
  "datetime": {
    "precision": 0.6638452237001209,
    "recall": 0.17539936102236423,
    "f1-score": 0.27748294162244125,
    "support": 3130,
    "confused_with": {
      "party_size_description": 219
    }
  },
  "recurring_datetime": {
    "precision": 0.0,
    "recall": 0.0,
    "f1-score": 0.0,
    "support": 327,
    "confused_with": {
      "datetime": 106,
      "location": 29
    }
  },
  "artist": {
    "precision": 0.22535211267605634,
    "recall": 0.6899383983572895,
    "f1-score": 0.339737108190091,
    "support": 487,
    "confused_with": {
      "object_name": 59,
      "location": 42
    }
  },
  "genre": {
    "precision": 0.34375,
    "recall": 1.0,
    "f1-score": 0.5116279069767442,
    "support": 11,
    "confused_with": {}
  },
  "rating_value": {
    "precision": 0.42424242424242425,
    "recall": 0.25925925925925924,
    "f1-score": 0.3218390804597701,
    "support": 162,
    "confused_with": {
      "party_size_number": 21
    }
  },
  "party_size_description": {
    "precision": 0.09606081548030408,
    "recall": 0.6650717703349283,
    "f1-score": 0.16787439613526572,
    "support": 209,
    "confused_with": {
      "artist": 44
    }
  },
  "restaurant": {
    "precision": 0.0,
    "recall": 0.0,
    "f1-score": 0.0,
    "support": 1,
    "confused_with": {
      "restaurant_type": 1
    }
  },
  "playlist": {
    "precision": 0.6178707224334601,
    "recall": 0.4894578313253012,
    "f1-score": 0.5462184873949579,
    "support": 664,
    "confused_with": {
      "artist": 66
    }
  },
  "reference": {
    "precision": 0.6775244299674267,
    "recall": 0.40625,
    "f1-score": 0.507936507936508,
    "support": 512,
    "confused_with": {
      "datetime": 78
    }
  },
  "condition_description": {
    "precision": 0.475,
    "recall": 0.1919191919191919,
    "f1-score": 0.27338129496402874,
    "support": 99,
    "confused_with": {
      "artist": 8
    }
  },
  "album": {
    "precision": 0.0,
    "recall": 0.0,
    "f1-score": 0.0,
    "support": 33,
    "confused_with": {
      "object_name": 30,
      "track": 1,
      "music_item": 1
    }
  },
  "music_item": {
    "precision": 0.7014925373134329,
    "recall": 0.2088888888888889,
    "f1-score": 0.3219178082191781,
    "support": 225,
    "confused_with": {
      "artist": 70
    }
  },
  "facility": {
    "precision": 1.0,
    "recall": 0.7692307692307693,
    "f1-score": 0.8695652173913044,
    "support": 13,
    "confused_with": {
      "reference": 1,
      "served_dish": 1
    }
  },
  "refe": {
    "precision": 0.0,
    "recall": 0.0,
    "f1-score": 0.0,
    "support": 1,
    "confused_with": {
      "reference": 1
    }
  },
  "movie_name": {
    "precision": 0.3894736842105263,
    "recall": 0.3501577287066246,
    "f1-score": 0.36877076411960136,
    "support": 317,
    "confused_with": {
      "object_name": 93
    }
  },
  "served_dish": {
    "precision": 0.13636363636363635,
    "recall": 0.28846153846153844,
    "f1-score": 0.18518518518518517,
    "support": 52,
    "confused_with": {
      "party_size_description": 16,
      "location": 9
    }
  },
  "object_name": {
    "precision": 0.6610407876230661,
    "recall": 0.7800829875518672,
    "f1-score": 0.7156452226874762,
    "support": 1205,
    "confused_with": {
      "movie_name": 104,
      "entity_name": 47
    }
  },
  "object_type": {
    "precision": 0.5770925110132159,
    "recall": 0.3589041095890411,
    "f1-score": 0.4425675675675676,
    "support": 365,
    "confused_with": {
      "movie_type": 58
    }
  },
  "movie_type": {
    "precision": 0.42483660130718953,
    "recall": 0.6842105263157895,
    "f1-score": 0.5241935483870969,
    "support": 95,
    "confused_with": {
      "party_size_description": 9
    }
  },
  "condition_temperature": {
    "precision": 0.0,
    "recall": 0.0,
    "f1-score": 0.0,
    "support": 44,
    "confused_with": {
      "location": 10,
      "artist": 3
    }
  },
  "best_rating": {
    "precision": 0.7368421052631579,
    "recall": 0.25925925925925924,
    "f1-score": 0.3835616438356165,
    "support": 108,
    "confused_with": {
      "party_size_number": 20
    }
  },
  "track": {
    "precision": 0.0,
    "recall": 0.0,
    "f1-score": 0.0,
    "support": 11,
    "confused_with": {}
  },
  "rating_unit": {
    "precision": 0.0,
    "recall": 0.0,
    "f1-score": 0.0,
    "support": 129,
    "confused_with": {
      "entity_name": 13,
      "party_size_description": 9
    }
  },
  "restaurant_name": {
    "precision": 0.43434343434343436,
    "recall": 0.5733333333333334,
    "f1-score": 0.4942528735632184,
    "support": 75,
    "confused_with": {
      "artist": 10,
      "cuisine": 9
    }
  },
  "object_location_type": {
    "precision": 0.29411764705882354,
    "recall": 0.07462686567164178,
    "f1-score": 0.11904761904761904,
    "support": 67,
    "confused_with": {
      "artist": 15,
      "movie_type": 10
    }
  },
  "location": {
    "precision": 0.46795827123695977,
    "recall": 0.542314335060449,
    "f1-score": 0.5024,
    "support": 1158,
    "confused_with": {
      "party_size_description": 63
    }
  },
  "party_size_number": {
    "precision": 0.32673267326732675,
    "recall": 0.4782608695652174,
    "f1-score": 0.38823529411764707,
    "support": 138,
    "confused_with": {
      "party_size_description": 34
    }
  },
  "cuisine": {
    "precision": 0.0,
    "recall": 0.0,
    "f1-score": 0.0,
    "support": 19,
    "confused_with": {
      "location": 17,
      "party_size_description": 2
    }
  },
  "entity_name": {
    "precision": 0.09844559585492228,
    "recall": 0.17272727272727273,
    "f1-score": 0.1254125412541254,
    "support": 110,
    "confused_with": {
      "artist": 23,
      "object_name": 20
    }
  },
  "service": {
    "precision": 0.8626373626373627,
    "recall": 0.9457831325301205,
    "f1-score": 0.9022988505747127,
    "support": 166,
    "confused_with": {}
  },
  "micro avg": {
    "precision": 0.42858601327207757,
    "recall": 0.36526581397372315,
    "f1-score": 0.39440060127771515,
    "support": 11493
  },
  "macro avg": {
    "precision": 0.3680972733694294,
    "recall": 0.33953693865630724,
    "f1-score": 0.30711265675909954,
    "support": 11493
  },
  "weighted avg": {
    "precision": 0.5344104829338207,
    "recall": 0.36526581397372315,
    "f1-score": 0.37258701539444794,
    "support": 11493
  },
  "accuracy": 0.6129986442627665
}