{
  "reminder__cancel_reminder": {
    "precision": 0.07407407407407407,
    "recall": 0.01818181818181818,
    "f1-score": 0.0291970802919708,
    "support": 110,
    "confused_with": {
      "SearchCreativeWork": 52,
      "AddToPlaylist": 16,
      "BookRestaurant": 14
    }
  },
  "BookRestaurant": {
    "precision": 0.574468085106383,
    "recall": 0.8496503496503497,
    "f1-score": 0.6854724964739068,
    "support": 286,
    "confused_with": {
      "PlayMusic": 18,
      "AddToPlaylist": 11
    }
  },
  "reminder__set_reminder": {
    "precision": 0.1927710843373494,
    "recall": 0.11188811188811189,
    "f1-score": 0.14159292035398233,
    "support": 143,
    "confused_with": {
      "AddToPlaylist": 43,
      "PlayMusic": 42,
      "BookRestaurant": 23
    }
  },
  "alarm__cancel_alarm": {
    "precision": 0.23163841807909605,
    "recall": 0.16942148760330578,
    "f1-score": 0.1957040572792363,
    "support": 242,
    "confused_with": {
      "alarm__set_alarm": 104,
      "alarm__show_alarms": 94
    }
  },
  "alarm__snooze_alarm": {
    "precision": 0.0,
    "recall": 0.0,
    "f1-score": 0.0,
    "support": 22,
    "confused_with": {
      "alarm__show_alarms": 17,
      "alarm__set_alarm": 5
    }
  },
  "weather__find": {
    "precision": 0.9694656488549618,
    "recall": 0.14431818181818182,
    "f1-score": 0.2512363996043521,
    "support": 880,
    "confused_with": {
      "SearchCreativeWork": 150,
      "PlayMusic": 135
    }
  },
  "AddToPlaylist": {
    "precision": 0.41379310344827586,
    "recall": 0.631578947368421,
    "f1-score": 0.5,
    "support": 209,
    "confused_with": {
      "PlayMusic": 29,
      "SearchCreativeWork": 27
    }
  },
  "SearchCreativeWork": {
    "precision": 0.29720853858784896,
    "recall": 0.8701923076923077,
    "f1-score": 0.4430844553243575,
    "support": 208,
    "confused_with": {
      "SearchScreeningEvent": 22,
      "PlayMusic": 2
    }
  },
  "SearchScreeningEvent": {
    "precision": 0.5359712230215827,
    "recall": 0.5889328063241107,
    "f1-score": 0.5612052730696799,
    "support": 253,
    "confused_with": {
      "SearchCreativeWork": 50,
      "PlayMusic": 33
    }
  },
  "RateBook": {
    "precision": 0.6782608695652174,
    "recall": 0.4727272727272727,
    "f1-score": 0.557142857142857,
    "support": 165,
    "confused_with": {
      "AddToPlaylist": 31,
      "SearchCreativeWork": 19
    }
  },
  "alarm__show_alarms": {
    "precision": 0.3522267206477733,
    "recall": 0.7909090909090909,
    "f1-score": 0.48739495798319327,
    "support": 110,
    "confused_with": {
      "alarm__set_alarm": 10,
      "alarm__modify_alarm": 10
    }
  },
  "reminder__show_reminders": {
    "precision": 0.0,
    "recall": 0.0,
    "f1-score": 0.0,
    "support": 132,
    "confused_with": {
      "SearchCreativeWork": 69,
      "reminder__set_reminder": 51,
      "SearchScreeningEvent": 4
    }
  },
  "alarm__modify_alarm": {
    "precision": 0.05,
    "recall": 0.09090909090909091,
    "f1-score": 0.06451612903225806,
    "support": 11,
    "confused_with": {
      "alarm__cancel_alarm": 9,
      "alarm__set_alarm": 1
    }
  },
  "PlayMusic": {
    "precision": 0.36179775280898874,
    "recall": 0.6098484848484849,
    "f1-score": 0.4541607898448519,
    "support": 264,
    "confused_with": {
      "SearchCreativeWork": 54,
      "BookRestaurant": 24
    }
  },
  "alarm__set_alarm": {
    "precision": 0.6435643564356436,
    "recall": 0.9848484848484849,
    "f1-score": 0.778443113772455,
    "support": 264,
    "confused_with": {
      "PlayMusic": 2,
      "alarm__modify_alarm": 1
    }
  },
  "accuracy": 0.448014549863595,
  "macro avg": {
    "precision": 0.3583493249978129,
    "recall": 0.42222709565126865,
    "f1-score": 0.34327670201154004,
    "support": 3299
  },
  "weighted avg": {
    "precision": 0.5485677439763091,
    "recall": 0.448014549863595,
    "f1-score": 0.3935309607525979,
    "support": 3299
  },
  "micro avg": {
    "precision": 0.448014549863595,
    "recall": 0.448014549863595,
    "f1-score": 0.448014549863595,
    "support": 3299
  }
}