{
    "epoch": "20/20",
    "best_epoch": 4,
    "max_gpu_mem": "2.7038",
    "cur_ram": "1.4302",
    "time_epoch": "0:32:49",
    "time_total": "10:48:25",
    "best_train_intent_loss": 5.615229510519755,
    "best_train_slots_loss": 127.81000658176615,
    "train_intent_loss": 0.3035250583245645,
    "train_slots_loss": 15.022937713785375,
    "best_train_sum": 1.934922997586046,
    "train_sum": 1.934922997586046,
    "best_dev_intent_loss": 2.426091639181742,
    "best_dev_slots_loss": 193.77814005888425,
    "dev_intent_loss": 3.1279594848186103,
    "dev_slots_loss": 439.9074190579928,
    "best_dev_sum": 1.541372549019608,
    "dev_sum": 1.5234964754922706,
    "best_train_intent_accuracy": 0.9556014218552918,
    "best_train_slots_precision": 0.6392753192753192,
    "best_train_slots_recall": 0.6450611364181251,
    "best_train_slots_span_f1": 0.6421551955607266,
    "train_intent_accuracy": 0.9969040247678018,
    "train_slots_precision": 0.9257330967500934,
    "train_slots_recall": 0.9506353392471829,
    "train_slots_span_f1": 0.9380189728182442,
    "best_dev_intent_accuracy": 0.9766666666666667,
    "best_dev_slots_precision": 0.5525846702317291,
    "best_dev_slots_recall": 0.5773707900046562,
    "best_dev_slots_span_f1": 0.5647058823529412,
    "dev_intent_accuracy": 0.9824242424242424,
    "dev_slots_precision": 0.5240727272727272,
    "dev_slots_recall": 0.5592115474158001,
    "dev_slots_span_f1": 0.5410722330680282
}