{
    "epoch": "20/20",
    "best_epoch": 4,
    "max_gpu_mem": "3.5649",
    "cur_ram": "1.3526",
    "time_epoch": "0:26:22",
    "time_total": "11:00:17",
    "best_train_intent_loss": 3.0907956115497464,
    "best_train_slots_loss": 120.63056967931342,
    "train_intent_loss": 0.12040741779962406,
    "train_slots_loss": 6.0330144742640055,
    "best_train_sum": 1.9594742263145717,
    "train_sum": 1.9594742263145717,
    "best_dev_intent_loss": 1.6026926416366756,
    "best_dev_slots_loss": 201.27542549425416,
    "dev_intent_loss": 3.179511908092974,
    "dev_slots_loss": 847.1029447521175,
    "best_dev_sum": 1.5563545923916156,
    "dev_sum": 1.529850355405911,
    "best_train_intent_accuracy": 0.9713794289645683,
    "best_train_slots_precision": 0.6444085740736345,
    "best_train_slots_recall": 0.6508511148405658,
    "best_train_slots_span_f1": 0.6476138220594725,
    "train_intent_accuracy": 0.9983488132094943,
    "train_slots_precision": 0.9449212913090315,
    "train_slots_recall": 0.9778949892112203,
    "train_slots_span_f1": 0.9611254131050774,
    "best_dev_intent_accuracy": 0.9815151515151516,
    "best_dev_slots_precision": 0.5600706713780919,
    "best_dev_slots_recall": 0.5904081949402452,
    "best_dev_slots_span_f1": 0.5748394408764639,
    "dev_intent_accuracy": 0.9845454545454545,
    "dev_slots_precision": 0.5264374458249061,
    "dev_slots_recall": 0.5655750426819804,
    "dev_slots_span_f1": 0.5453049008604566
}