{
    "epoch": "20/20",
    "best_epoch": 20,
    "max_gpu_mem": "2.7038",
    "cur_ram": "1.4255",
    "time_epoch": "0:13:55",
    "time_total": "4:48:58",
    "best_train_intent_loss": 0.13596167431852374,
    "best_train_slots_loss": 0.7349758980821706,
    "train_intent_loss": 0.13596167431852374,
    "train_slots_loss": 0.7349758980821706,
    "best_train_sum": 1.9959557098158096,
    "train_sum": 1.9959557098158096,
    "best_dev_intent_loss": 6.125939490543155,
    "best_dev_slots_loss": 160.6501601934433,
    "dev_intent_loss": 6.125939490543155,
    "dev_slots_loss": 160.6501601934433,
    "best_dev_sum": 1.7834400181591192,
    "dev_sum": 1.7834400181591192,
    "best_train_intent_accuracy": 0.9985093452585713,
    "best_train_slots_precision": 0.9972709409795503,
    "best_train_slots_recall": 0.9976218498610724,
    "best_train_slots_span_f1": 0.9974463645572385,
    "train_intent_accuracy": 0.9985093452585713,
    "train_slots_precision": 0.9972709409795503,
    "train_slots_recall": 0.9976218498610724,
    "train_slots_span_f1": 0.9974463645572385,
    "best_dev_intent_accuracy": 0.9672727272727273,
    "best_dev_slots_precision": 0.8206496155656676,
    "best_dev_slots_recall": 0.8117336644420301,
    "best_dev_slots_span_f1": 0.8161672908863918,
    "dev_intent_accuracy": 0.9672727272727273,
    "dev_slots_precision": 0.8206496155656676,
    "dev_slots_recall": 0.8117336644420301,
    "dev_slots_span_f1": 0.8161672908863918
}