{
    "epoch": "20/20",
    "best_epoch": 20,
    "max_gpu_mem": "3.0420",
    "cur_ram": "1.4520",
    "time_epoch": "0:34:51",
    "time_total": "12:18:20",
    "best_train_intent_loss": 0.29880067369496066,
    "best_train_slots_loss": 16.30258079560664,
    "best_train_upos_loss": 0.04460573075912768,
    "train_intent_loss": 0.29880067369496066,
    "train_slots_loss": 16.30258079560664,
    "train_upos_loss": 0.04460573075912768,
    "best_train_sum": 2.59955280372575,
    "train_sum": 2.59955280372575,
    "best_dev_intent_loss": 3.0205201538930413,
    "best_dev_slots_loss": 350.4419471206665,
    "best_dev_upos_loss": 0.14196363604068757,
    "dev_intent_loss": 3.0205201538930413,
    "dev_slots_loss": 350.4419471206665,
    "dev_upos_loss": 0.14196363604068757,
    "best_dev_sum": 2.2152951531356937,
    "dev_sum": 2.2152951531356937,
    "best_train_intent_accuracy": 0.9967205595688567,
    "best_train_slots_precision": 0.918932527693857,
    "best_train_slots_recall": 0.9407216494845361,
    "best_train_slots_span_f1": 0.9296994396332144,
    "best_train_upos_accuracy": 0.6731328045236786,
    "train_intent_accuracy": 0.9967205595688567,
    "train_slots_precision": 0.918932527693857,
    "train_slots_recall": 0.9407216494845361,
    "train_slots_span_f1": 0.9296994396332144,
    "train_upos_accuracy": 0.6731328045236786,
    "best_dev_intent_accuracy": 0.9818181818181818,
    "best_dev_slots_precision": 0.5177087888062964,
    "best_dev_slots_recall": 0.5512959801334782,
    "best_dev_slots_span_f1": 0.5339747444377632,
    "best_dev_upos_accuracy": 0.6995022268797485,
    "dev_intent_accuracy": 0.9818181818181818,
    "dev_slots_precision": 0.5177087888062964,
    "dev_slots_recall": 0.5512959801334782,
    "dev_slots_span_f1": 0.5339747444377632,
    "dev_upos_accuracy": 0.6995022268797485
}