{
    "epoch": "20/20",
    "best_epoch": 8,
    "max_gpu_mem": "4.7412",
    "cur_ram": "1.4477",
    "time_epoch": "0:13:43",
    "time_total": "4:42:42",
    "best_train_intent_loss": 1.0687781443968616,
    "best_train_slots_loss": 12.31289519969803,
    "train_intent_loss": 0.15018300448461913,
    "train_slots_loss": 0.8133502793679409,
    "best_train_sum": 1.9955263958456038,
    "train_sum": 1.9955263958456038,
    "best_dev_intent_loss": 5.089197346569003,
    "best_dev_slots_loss": 110.37554890375871,
    "dev_intent_loss": 7.516558573963743,
    "dev_slots_loss": 175.21878144832758,
    "best_dev_sum": 1.7703497603890996,
    "dev_sum": 1.7565585972780218,
    "best_train_intent_accuracy": 0.9903451439055154,
    "best_train_slots_precision": 0.9673261825385322,
    "best_train_slots_recall": 0.9716805998762391,
    "best_train_slots_span_f1": 0.9694985018613239,
    "train_intent_accuracy": 0.99828001375989,
    "train_slots_precision": 0.9970044993147944,
    "train_slots_recall": 0.9974883822512346,
    "train_slots_span_f1": 0.9972463820857139,
    "best_dev_intent_accuracy": 0.9690909090909091,
    "best_dev_slots_precision": 0.8125099728737833,
    "best_dev_slots_recall": 0.7903150706192767,
    "best_dev_slots_span_f1": 0.8012588512981905,
    "dev_intent_accuracy": 0.9569696969696969,
    "dev_slots_precision": 0.8148565903963906,
    "dev_slots_recall": 0.7848828185627813,
    "dev_slots_span_f1": 0.7995889003083249
}