{
    "epoch": "20/20",
    "best_epoch": 14,
    "max_gpu_mem": "2.4663",
    "cur_ram": "1.1049",
    "time_epoch": "0:00:44",
    "time_total": "0:11:42",
    "best_train_dialect_loss": 6.9918078792992455,
    "train_dialect_loss": 4.64746882293814,
    "best_train_sum": 0.9377104377104377,
    "train_sum": 0.9377104377104377,
    "best_dev_dialect_loss": 18.526815110986885,
    "dev_dialect_loss": 21.497318744659424,
    "best_dev_sum": 0.796969696969697,
    "dev_sum": 0.7787878787878788,
    "best_train_dialect_accuracy": 0.9097643097643098,
    "train_dialect_accuracy": 0.9377104377104377,
    "best_dev_dialect_accuracy": 0.796969696969697,
    "dev_dialect_accuracy": 0.7787878787878788
}