{
    "epoch": "20/20",
    "best_epoch": 20,
    "max_gpu_mem": "3.3296",
    "cur_ram": "1.4731",
    "time_epoch": "0:28:31",
    "time_total": "8:55:08",
    "best_train_dependency_loss": 0.08780298382246371,
    "best_train_intent_loss": 0.1403338331058521,
    "best_train_slots_loss": 0.7452134216669623,
    "train_dependency_loss": 0.08780298382246371,
    "train_intent_loss": 0.1403338331058521,
    "train_slots_loss": 0.7452134216669623,
    "best_train_sum": 2.4165435751042166,
    "train_sum": 2.4165435751042166,
    "best_dev_dependency_loss": 0.2929310598522402,
    "best_dev_intent_loss": 7.884409740043382,
    "best_dev_slots_loss": 133.80677536392213,
    "dev_dependency_loss": 0.2929310598522402,
    "dev_intent_loss": 7.884409740043382,
    "dev_slots_loss": 133.80677536392213,
    "best_dev_sum": 2.2329578957128917,
    "dev_sum": 2.2329578957128917,
    "best_train_dependency_las": 0.42071781983821566,
    "best_train_intent_accuracy": 0.9985552115583075,
    "best_train_slots_precision": 0.9970649234090551,
    "best_train_slots_recall": 0.9974762488321585,
    "best_train_slots_span_f1": 0.9972705437076934,
    "train_dependency_las": 0.42071781983821566,
    "train_intent_accuracy": 0.9985552115583075,
    "train_slots_precision": 0.9970649234090551,
    "train_slots_recall": 0.9974762488321585,
    "train_slots_span_f1": 0.9972705437076934,
    "best_dev_dependency_las": 0.4654178674351585,
    "best_dev_intent_accuracy": 0.9442424242424242,
    "best_dev_slots_precision": 0.8363490792634107,
    "best_dev_slots_recall": 0.810647214030731,
    "best_dev_slots_span_f1": 0.8232976040353089,
    "dev_dependency_las": 0.4654178674351585,
    "dev_intent_accuracy": 0.9442424242424242,
    "dev_slots_precision": 0.8363490792634107,
    "dev_slots_recall": 0.810647214030731,
    "dev_slots_span_f1": 0.8232976040353089
}