{
    "epoch": "20/20",
    "best_epoch": 19,
    "max_gpu_mem": "3.0455",
    "cur_ram": "1.4490",
    "time_epoch": "0:30:27",
    "time_total": "8:42:43",
    "best_train_intent_loss": 0.13782721781463378,
    "best_train_slots_loss": 0.9336392217488777,
    "best_train_upos_loss": 0.03164910140629435,
    "train_intent_loss": 0.13748635388440442,
    "train_slots_loss": 0.6788621748497524,
    "train_upos_loss": 0.0314202294433807,
    "best_train_sum": 2.7739521194336203,
    "train_sum": 2.7739521194336203,
    "best_dev_intent_loss": 4.784654869796272,
    "best_dev_slots_loss": 133.91887177276612,
    "best_dev_upos_loss": 0.10027492100279778,
    "dev_intent_loss": 5.323470607660711,
    "dev_slots_loss": 138.43205083465577,
    "dev_upos_loss": 0.10018737251870334,
    "best_dev_sum": 2.57619438676145,
    "dev_sum": 2.5732426104336277,
    "best_train_intent_accuracy": 0.9983258800596262,
    "best_train_slots_precision": 0.996907591559544,
    "best_train_slots_recall": 0.9974277151558538,
    "best_train_slots_span_f1": 0.9971675855334582,
    "best_train_upos_accuracy": 0.7744050891384591,
    "train_intent_accuracy": 0.9983488132094943,
    "train_slots_precision": 0.9973315867355602,
    "train_slots_recall": 0.9976825169564532,
    "train_slots_span_f1": 0.9975070209810569,
    "train_upos_accuracy": 0.7780962852430692,
    "best_dev_intent_accuracy": 0.9663636363636363,
    "best_dev_slots_precision": 0.822493654822335,
    "best_dev_slots_recall": 0.8047493403693932,
    "best_dev_slots_span_f1": 0.8135247509217854,
    "best_dev_upos_accuracy": 0.7963059994760283,
    "dev_intent_accuracy": 0.963939393939394,
    "dev_slots_precision": 0.8210928787637406,
    "dev_slots_recall": 0.7999379171193544,
    "dev_slots_span_f1": 0.810377358490566,
    "dev_upos_accuracy": 0.7989258580036678
}