{
    "epoch": "20/20",
    "best_epoch": 17,
    "max_gpu_mem": "3.1414",
    "cur_ram": "1.4252",
    "time_epoch": "0:19:07",
    "time_total": "10:49:25",
    "best_train_intent_loss": 0.2235852415458204,
    "best_train_slots_loss": 1.7794161962395807,
    "train_intent_loss": 0.12106361611855826,
    "train_slots_loss": 0.7908173964815987,
    "best_train_sum": 1.9961590821292046,
    "train_sum": 1.9961590821292046,
    "best_dev_intent_loss": 6.547327504778318,
    "best_dev_slots_loss": 163.7269801543309,
    "dev_intent_loss": 6.941186720677531,
    "dev_slots_loss": 185.6173419860693,
    "best_dev_sum": 1.7649699270100978,
    "dev_sum": 1.7508486800294198,
    "best_train_intent_accuracy": 0.9974085540649008,
    "best_train_slots_precision": 0.9944478791625753,
    "best_train_slots_recall": 0.9953407670747539,
    "best_train_slots_span_f1": 0.9948941227836127,
    "train_intent_accuracy": 0.9988762756564614,
    "train_slots_precision": 0.9970288264470828,
    "train_slots_recall": 0.9975369159275392,
    "train_slots_span_f1": 0.9972828064727431,
    "best_dev_intent_accuracy": 0.9642424242424242,
    "best_dev_slots_precision": 0.8162179590520716,
    "best_dev_slots_recall": 0.7858140617724663,
    "best_dev_slots_span_f1": 0.8007275027676736,
    "dev_intent_accuracy": 0.9636363636363636,
    "dev_slots_precision": 0.7969147582697201,
    "dev_slots_recall": 0.7777432872885301,
    "dev_slots_span_f1": 0.7872123163930562
}