{
    "epoch": "20/20",
    "best_epoch": 11,
    "max_gpu_mem": "4.3817",
    "cur_ram": "1.4471",
    "time_epoch": "0:36:52",
    "time_total": "12:09:43",
    "best_train_intent_loss": 0.8754637574356187,
    "best_train_slots_loss": 47.62302695384204,
    "train_intent_loss": 0.291937437064615,
    "train_slots_loss": 17.13695640032202,
    "best_train_sum": 1.924724683139702,
    "train_sum": 1.924724683139702,
    "best_dev_intent_loss": 2.5280122451994638,
    "best_dev_slots_loss": 266.6369671248473,
    "dev_intent_loss": 4.138330966449548,
    "dev_slots_loss": 412.1080102324486,
    "best_dev_sum": 1.5337462487533706,
    "dev_sum": 1.522507711849029,
    "best_train_intent_accuracy": 0.9918816649466804,
    "best_train_slots_precision": 0.8266631893404144,
    "best_train_slots_recall": 0.8359386238312155,
    "best_train_slots_span_f1": 0.831275033377837,
    "train_intent_accuracy": 0.9968581584680656,
    "train_slots_precision": 0.9160514018691589,
    "train_slots_recall": 0.9399904099736274,
    "train_slots_span_f1": 0.9278665246716366,
    "best_dev_intent_accuracy": 0.983030303030303,
    "best_dev_slots_precision": 0.5326276102088167,
    "best_dev_slots_recall": 0.5700760515287909,
    "best_dev_slots_span_f1": 0.5507159457230677,
    "dev_intent_accuracy": 0.9793939393939394,
    "dev_slots_precision": 0.5245048431400896,
    "dev_slots_recall": 0.563091727456154,
    "dev_slots_span_f1": 0.5431137724550898
}