{
    "epoch": "20/20",
    "best_epoch": 17,
    "max_gpu_mem": "6.7224",
    "cur_ram": "1.2494",
    "time_epoch": "0:01:16",
    "time_total": "0:25:11",
    "best_train_intent_loss": 0.2081690989434719,
    "best_train_slots_loss": 4.821559326623076,
    "train_intent_loss": 0.1777426834989299,
    "train_slots_loss": 3.2645978209792927,
    "best_train_sum": 1.9906234541305632,
    "train_sum": 1.9906234541305632,
    "best_dev_intent_loss": 0.9057916764127598,
    "best_dev_slots_loss": 28.273065740411933,
    "dev_intent_loss": 0.9413389499002899,
    "dev_slots_loss": 30.24332774769176,
    "best_dev_sum": 1.9570730344923892,
    "dev_sum": 1.9525066331517944,
    "best_train_intent_accuracy": 0.9993265993265993,
    "best_train_slots_precision": 0.9879621668099742,
    "best_train_slots_recall": 0.99137187230371,
    "best_train_slots_span_f1": 0.9896640826873384,
    "train_intent_accuracy": 0.9993265993265993,
    "train_slots_precision": 0.9900172117039587,
    "train_slots_recall": 0.9925798101811907,
    "train_slots_span_f1": 0.9912968548039638,
    "best_dev_intent_accuracy": 0.9939393939393939,
    "best_dev_slots_precision": 0.9587155963302753,
    "best_dev_slots_recall": 0.9675925925925926,
    "best_dev_slots_span_f1": 0.9631336405529954,
    "dev_intent_accuracy": 0.990909090909091,
    "dev_slots_precision": 0.9571865443425076,
    "dev_slots_recall": 0.9660493827160493,
    "dev_slots_span_f1": 0.9615975422427034
}