{
  "object_select": {
    "precision": 0.96,
    "recall": 0.25,
    "f1-score": 0.39669421487603307,
    "support": 96,
    "confused_with": {
      "object_name": 9
    }
  },
  "artist": {
    "precision": 0.4804232804232804,
    "recall": 0.9322381930184805,
    "f1-score": 0.6340782122905029,
    "support": 487,
    "confused_with": {
      "object_name": 17,
      "playlist": 6
    }
  },
  "restaurant": {
    "precision": 0.0,
    "recall": 0.0,
    "f1-score": 0.0,
    "support": 1,
    "confused_with": {
      "restaurant_type": 1
    }
  },
  "playlist": {
    "precision": 0.7371428571428571,
    "recall": 0.5828313253012049,
    "f1-score": 0.6509671993271657,
    "support": 664,
    "confused_with": {
      "object_name": 58
    }
  },
  "rating_value": {
    "precision": 0.7124183006535948,
    "recall": 0.6728395061728395,
    "f1-score": 0.692063492063492,
    "support": 162,
    "confused_with": {
      "object_name": 14
    }
  },
  "rating_unit": {
    "precision": 1.0,
    "recall": 0.20155038759689922,
    "f1-score": 0.33548387096774196,
    "support": 129,
    "confused_with": {
      "service": 7
    }
  },
  "entity_name": {
    "precision": 0.24074074074074073,
    "recall": 0.23636363636363636,
    "f1-score": 0.2385321100917431,
    "support": 110,
    "confused_with": {
      "artist": 15
    }
  },
  "object_location_type": {
    "precision": 0.7142857142857143,
    "recall": 0.07462686567164178,
    "f1-score": 0.13513513513513511,
    "support": 67,
    "confused_with": {
      "object_type": 12,
      "movie_type": 10
    }
  },
  "movie_type": {
    "precision": 0.4768211920529801,
    "recall": 0.7578947368421053,
    "f1-score": 0.5853658536585367,
    "support": 95,
    "confused_with": {
      "object_type": 2
    }
  },
  "cuisine": {
    "precision": 0.08695652173913043,
    "recall": 0.10526315789473684,
    "f1-score": 0.09523809523809525,
    "support": 19,
    "confused_with": {
      "location": 17
    }
  },
  "music_item": {
    "precision": 0.7225806451612903,
    "recall": 0.49777777777777776,
    "f1-score": 0.5894736842105264,
    "support": 225,
    "confused_with": {
      "object_type": 32
    }
  },
  "genre": {
    "precision": 0.17142857142857143,
    "recall": 0.5454545454545454,
    "f1-score": 0.26086956521739124,
    "support": 11,
    "confused_with": {}
  },
  "served_dish": {
    "precision": 0.5058823529411764,
    "recall": 0.8269230769230769,
    "f1-score": 0.6277372262773723,
    "support": 52,
    "confused_with": {
      "service": 8,
      "artist": 1
    }
  },
  "track": {
    "precision": 0.0,
    "recall": 0.0,
    "f1-score": 0.0,
    "support": 11,
    "confused_with": {
      "artist": 3
    }
  },
  "weather__attribute": {
    "precision": 0.7471264367816092,
    "recall": 0.3310696095076401,
    "f1-score": 0.45882352941176474,
    "support": 589,
    "confused_with": {
      "artist": 25
    }
  },
  "party_size_description": {
    "precision": 0.6624472573839663,
    "recall": 0.7511961722488039,
    "f1-score": 0.7040358744394619,
    "support": 209,
    "confused_with": {
      "artist": 33
    }
  },
  "service": {
    "precision": 0.8159203980099502,
    "recall": 0.9879518072289156,
    "f1-score": 0.8937329700272478,
    "support": 166,
    "confused_with": {
      "artist": 1,
      "location": 1
    }
  },
  "sort": {
    "precision": 0.8117647058823529,
    "recall": 0.46938775510204084,
    "f1-score": 0.5948275862068966,
    "support": 147,
    "confused_with": {
      "artist": 8
    }
  },
  "recurring_datetime": {
    "precision": 1.0,
    "recall": 0.0856269113149847,
    "f1-score": 0.15774647887323942,
    "support": 327,
    "confused_with": {
      "datetime": 196
    }
  },
  "refe": {
    "precision": 0.0,
    "recall": 0.0,
    "f1-score": 0.0,
    "support": 1,
    "confused_with": {
      "reference": 1
    }
  },
  "restaurant_type": {
    "precision": 0.9221556886227545,
    "recall": 0.8850574712643678,
    "f1-score": 0.903225806451613,
    "support": 174,
    "confused_with": {
      "location": 1
    }
  },
  "album": {
    "precision": 0.0,
    "recall": 0.0,
    "f1-score": 0.0,
    "support": 33,
    "confused_with": {
      "object_name": 31,
      "track": 1,
      "artist": 1
    }
  },
  "restaurant_name": {
    "precision": 0.7068965517241379,
    "recall": 0.5466666666666666,
    "f1-score": 0.6165413533834586,
    "support": 75,
    "confused_with": {
      "object_name": 17
    }
  },
  "object_name": {
    "precision": 0.6535908267954134,
    "recall": 0.8987551867219917,
    "f1-score": 0.7568134171907757,
    "support": 1205,
    "confused_with": {
      "location": 35
    }
  },
  "location": {
    "precision": 0.5893129770992367,
    "recall": 0.6666666666666666,
    "f1-score": 0.6256077795786062,
    "support": 1158,
    "confused_with": {
      "object_name": 35
    }
  },
  "datetime": {
    "precision": 0.825845298749421,
    "recall": 0.5696485623003195,
    "f1-score": 0.6742295329930044,
    "support": 3130,
    "confused_with": {
      "location": 182
    }
  },
  "movie_name": {
    "precision": 0.6535087719298246,
    "recall": 0.47003154574132494,
    "f1-score": 0.5467889908256881,
    "support": 317,
    "confused_with": {
      "object_name": 129,
      "entity_name": 16
    }
  },
  "reference": {
    "precision": 0.9502762430939227,
    "recall": 0.3359375,
    "f1-score": 0.49639249639249644,
    "support": 512,
    "confused_with": {
      "datetime": 39
    }
  },
  "facility": {
    "precision": 0.8333333333333334,
    "recall": 0.7692307692307693,
    "f1-score": 0.8,
    "support": 13,
    "confused_with": {
      "served_dish": 1
    }
  },
  "condition_temperature": {
    "precision": 0.14285714285714285,
    "recall": 0.022727272727272728,
    "f1-score": 0.0392156862745098,
    "support": 44,
    "confused_with": {
      "weather__attribute": 7,
      "entity_name": 2
    }
  },
  "best_rating": {
    "precision": 0.7431192660550459,
    "recall": 0.75,
    "f1-score": 0.7465437788018434,
    "support": 108,
    "confused_with": {
      "rating_value": 10,
      "location": 4
    }
  },
  "reminder__todo": {
    "precision": 1.0,
    "recall": 0.030685920577617327,
    "f1-score": 0.0595446584938704,
    "support": 554,
    "confused_with": {
      "artist": 35,
      "object_name": 32
    }
  },
  "party_size_number": {
    "precision": 0.717741935483871,
    "recall": 0.644927536231884,
    "f1-score": 0.6793893129770993,
    "support": 138,
    "confused_with": {
      "served_dish": 9
    }
  },
  "object_type": {
    "precision": 0.6666666666666666,
    "recall": 0.4438356164383562,
    "f1-score": 0.5328947368421053,
    "support": 365,
    "confused_with": {
      "movie_type": 48
    }
  },
  "condition_description": {
    "precision": 0.23529411764705882,
    "recall": 0.08080808080808081,
    "f1-score": 0.12030075187969926,
    "support": 99,
    "confused_with": {
      "weather__attribute": 25,
      "location": 8
    }
  },
  "micro avg": {
    "precision": 0.6807401893012868,
    "recall": 0.5569477073000957,
    "f1-score": 0.6126531393568146,
    "support": 11493
  },
  "macro avg": {
    "precision": 0.5853296512767155,
    "recall": 0.44068497885127567,
    "f1-score": 0.4470940971542034,
    "support": 11493
  },
  "weighted avg": {
    "precision": 0.7405784331553334,
    "recall": 0.5569477073000957,
    "f1-score": 0.5832848169582223,
    "support": 11493
  },
  "accuracy": 0.7433137504621832
}