{
  "AddToPlaylist": {
    "precision": 0.32209737827715357,
    "recall": 0.41148325358851673,
    "f1-score": 0.36134453781512604,
    "support": 209,
    "confused_with": {
      "SearchCreativeWork": 72,
      "PlayMusic": 28
    }
  },
  "PlayMusic": {
    "precision": 0.5935483870967742,
    "recall": 0.696969696969697,
    "f1-score": 0.6411149825783973,
    "support": 264,
    "confused_with": {
      "SearchCreativeWork": 55,
      "AddToPlaylist": 13
    }
  },
  "SearchCreativeWork": {
    "precision": 0.21704545454545454,
    "recall": 0.9182692307692307,
    "f1-score": 0.3511029411764706,
    "support": 208,
    "confused_with": {
      "AddToPlaylist": 11,
      "SearchScreeningEvent": 3
    }
  },
  "alarm__modify_alarm": {
    "precision": 0.1,
    "recall": 0.09090909090909091,
    "f1-score": 0.09523809523809525,
    "support": 11,
    "confused_with": {
      "alarm__set_alarm": 6,
      "alarm__cancel_alarm": 3
    }
  },
  "alarm__show_alarms": {
    "precision": 0.45714285714285713,
    "recall": 0.43636363636363634,
    "f1-score": 0.4465116279069767,
    "support": 110,
    "confused_with": {
      "alarm__set_alarm": 50,
      "alarm__modify_alarm": 7
    }
  },
  "SearchScreeningEvent": {
    "precision": 0.7323232323232324,
    "recall": 0.5731225296442688,
    "f1-score": 0.6430155210643016,
    "support": 253,
    "confused_with": {
      "SearchCreativeWork": 80,
      "AddToPlaylist": 15
    }
  },
  "reminder__cancel_reminder": {
    "precision": 0.0,
    "recall": 0.0,
    "f1-score": 0.0,
    "support": 110,
    "confused_with": {
      "SearchCreativeWork": 99,
      "reminder__show_reminders": 4,
      "BookRestaurant": 3
    }
  },
  "alarm__snooze_alarm": {
    "precision": 0.0,
    "recall": 0.0,
    "f1-score": 0.0,
    "support": 22,
    "confused_with": {
      "alarm__cancel_alarm": 13,
      "alarm__set_alarm": 9
    }
  },
  "reminder__show_reminders": {
    "precision": 0.038461538461538464,
    "recall": 0.007575757575757576,
    "f1-score": 0.012658227848101266,
    "support": 132,
    "confused_with": {
      "SearchCreativeWork": 124,
      "PlayMusic": 4,
      "alarm__set_alarm": 1
    }
  },
  "reminder__set_reminder": {
    "precision": 0.7272727272727273,
    "recall": 0.11188811188811189,
    "f1-score": 0.19393939393939394,
    "support": 143,
    "confused_with": {
      "alarm__set_alarm": 34,
      "AddToPlaylist": 28,
      "SearchCreativeWork": 24
    }
  },
  "alarm__cancel_alarm": {
    "precision": 0.46564885496183206,
    "recall": 0.25206611570247933,
    "f1-score": 0.32707774798927614,
    "support": 242,
    "confused_with": {
      "alarm__set_alarm": 124,
      "alarm__show_alarms": 54
    }
  },
  "alarm__set_alarm": {
    "precision": 0.5038167938931297,
    "recall": 1.0,
    "f1-score": 0.6700507614213198,
    "support": 264,
    "confused_with": {}
  },
  "RateBook": {
    "precision": 0.8791208791208791,
    "recall": 0.48484848484848486,
    "f1-score": 0.625,
    "support": 165,
    "confused_with": {
      "SearchCreativeWork": 54,
      "AddToPlaylist": 10
    }
  },
  "weather__find": {
    "precision": 0.963076923076923,
    "recall": 0.35568181818181815,
    "f1-score": 0.5195020746887966,
    "support": 880,
    "confused_with": {
      "SearchCreativeWork": 157,
      "AddToPlaylist": 100
    }
  },
  "BookRestaurant": {
    "precision": 0.7220630372492837,
    "recall": 0.8811188811188811,
    "f1-score": 0.7937007874015748,
    "support": 286,
    "confused_with": {
      "SearchCreativeWork": 22,
      "AddToPlaylist": 4
    }
  },
  "micro avg": {
    "precision": 0.49802851076736426,
    "recall": 0.4977265838132767,
    "f1-score": 0.4978775015160703,
    "support": 3299
  },
  "macro avg": {
    "precision": 0.44810787089478565,
    "recall": 0.41468644050399817,
    "f1-score": 0.3786837799378553,
    "support": 3299
  },
  "weighted avg": {
    "precision": 0.6243311059241665,
    "recall": 0.4977265838132767,
    "f1-score": 0.4860222148761219,
    "support": 3299
  },
  "accuracy": 0.4977265838132767
}