{
    "epoch": "20/20",
    "best_epoch": 9,
    "max_gpu_mem": "7.2542",
    "cur_ram": "1.4972",
    "time_epoch": "0:33:10",
    "time_total": "11:14:51",
    "best_train_intent_loss": 1.5658660726444222,
    "best_train_slots_loss": 68.35496704284746,
    "train_intent_loss": 0.3235535891279814,
    "train_slots_loss": 18.819668405566397,
    "best_train_sum": 1.9226120288252417,
    "train_sum": 1.9226120288252417,
    "best_dev_intent_loss": 2.7329972432209897,
    "best_dev_slots_loss": 230.9397274347452,
    "dev_intent_loss": 3.0919071467657115,
    "dev_slots_loss": 397.68891171308667,
    "best_dev_sum": 1.5581139910717376,
    "dev_sum": 1.5293779712755842,
    "best_train_intent_accuracy": 0.9864006421281963,
    "best_train_slots_precision": 0.7771813695992298,
    "best_train_slots_recall": 0.7741069287940542,
    "best_train_slots_span_f1": 0.7756411026364783,
    "train_intent_accuracy": 0.9966058938195161,
    "train_slots_precision": 0.9167537975352733,
    "train_slots_recall": 0.9354471349796212,
    "train_slots_span_f1": 0.9260061350057256,
    "best_dev_intent_accuracy": 0.9872727272727273,
    "best_dev_slots_precision": 0.5602211595935446,
    "best_dev_slots_recall": 0.5818717988514667,
    "best_dev_slots_span_f1": 0.5708412637990102,
    "dev_intent_accuracy": 0.9866666666666667,
    "dev_slots_precision": 0.5255124291321412,
    "dev_slots_recall": 0.56107403383517,
    "dev_slots_span_f1": 0.5427113046089175
}