{
    "epoch": "20/20",
    "best_epoch": 20,
    "max_gpu_mem": "3.5656",
    "cur_ram": "1.3590",
    "time_epoch": "0:16:19",
    "time_total": "5:04:35",
    "best_train_intent_loss": 0.027843436647807286,
    "best_train_slots_loss": 0.16021423169075621,
    "train_intent_loss": 0.027843436647807286,
    "train_slots_loss": 0.16021423169075621,
    "best_train_sum": 1.99856678900541,
    "train_sum": 1.99856678900541,
    "best_dev_intent_loss": 6.976502335426616,
    "best_dev_slots_loss": 289.51859554943735,
    "dev_intent_loss": 6.976502335426616,
    "dev_slots_loss": 289.51859554943735,
    "best_dev_sum": 1.772870430927985,
    "dev_sum": 1.772870430927985,
    "best_train_intent_accuracy": 0.9996101364522417,
    "best_train_slots_precision": 0.9988354743622403,
    "best_train_slots_recall": 0.9990778601502117,
    "best_train_slots_span_f1": 0.9989566525531682,
    "train_intent_accuracy": 0.9996101364522417,
    "train_slots_precision": 0.9988354743622403,
    "train_slots_recall": 0.9990778601502117,
    "train_slots_span_f1": 0.9989566525531682,
    "best_dev_intent_accuracy": 0.973030303030303,
    "best_dev_slots_precision": 0.8244891232696111,
    "best_dev_slots_recall": 0.776622167028873,
    "best_dev_slots_span_f1": 0.7998401278976819,
    "dev_intent_accuracy": 0.973030303030303,
    "dev_slots_precision": 0.8244891232696111,
    "dev_slots_recall": 0.776622167028873,
    "dev_slots_span_f1": 0.7998401278976819
}