{
    "epoch": "20/20",
    "best_epoch": 20,
    "max_gpu_mem": "2.7348",
    "cur_ram": "1.6311",
    "time_epoch": "0:28:28",
    "time_total": "11:45:19",
    "best_train_intent_loss": 0.07945641549543983,
    "best_train_ner_loss": 0.03610927288131358,
    "best_train_slots_loss": 0.41580464889416496,
    "train_intent_loss": 0.07945641549543983,
    "train_ner_loss": 0.03610927288131358,
    "train_slots_loss": 0.41580464889416496,
    "best_train_sum": 2.9950695227376753,
    "train_sum": 2.9950695227376753,
    "best_dev_intent_loss": 2.3291507832738847,
    "best_dev_ner_loss": 10.28990944773562,
    "best_dev_slots_loss": 71.3073787303106,
    "dev_intent_loss": 2.3291507832738847,
    "dev_ner_loss": 10.28990944773562,
    "dev_slots_loss": 71.3073787303106,
    "best_dev_sum": 2.7039089730625734,
    "dev_sum": 2.7039089730625734,
    "best_train_intent_accuracy": 0.9983717463593624,
    "best_train_ner_precision": 0.999046049778857,
    "best_train_ner_recall": 0.9992626967948997,
    "best_train_ner_span_f1": 0.999154361542965,
    "best_train_slots_precision": 0.9973679741891662,
    "best_train_slots_recall": 0.9977189172136817,
    "best_train_slots_span_f1": 0.9975434148353481,
    "train_intent_accuracy": 0.9983717463593624,
    "train_ner_precision": 0.999046049778857,
    "train_ner_recall": 0.9992626967948997,
    "train_ner_span_f1": 0.999154361542965,
    "train_slots_precision": 0.9973679741891662,
    "train_slots_recall": 0.9977189172136817,
    "train_slots_span_f1": 0.9975434148353481,
    "best_dev_intent_accuracy": 0.9757575757575757,
    "best_dev_ner_precision": 0.932035519125683,
    "best_dev_ner_recall": 0.9276002719238613,
    "best_dev_ner_span_f1": 0.9298126064735944,
    "best_dev_slots_precision": 0.8223099703849951,
    "best_dev_slots_recall": 0.7757255936675461,
    "best_dev_slots_span_f1": 0.7983387908314032,
    "dev_intent_accuracy": 0.9757575757575757,
    "dev_ner_precision": 0.932035519125683,
    "dev_ner_recall": 0.9276002719238613,
    "dev_ner_span_f1": 0.9298126064735944,
    "dev_slots_precision": 0.8223099703849951,
    "dev_slots_recall": 0.7757255936675461,
    "dev_slots_span_f1": 0.7983387908314032
}