{
    "epoch": "20/20",
    "best_epoch": 20,
    "max_gpu_mem": "2.7291",
    "cur_ram": "1.6315",
    "time_epoch": "0:28:15",
    "time_total": "11:45:57",
    "best_train_intent_loss": 0.08113795988234944,
    "best_train_ner_loss": 0.03331647349433947,
    "best_train_slots_loss": 0.429851504515309,
    "train_intent_loss": 0.08113795988234944,
    "train_ner_loss": 0.03331647349433947,
    "train_slots_loss": 0.429851504515309,
    "best_train_sum": 2.995085065937694,
    "train_sum": 2.995085065937694,
    "best_dev_intent_loss": 2.171410362650902,
    "best_dev_ner_loss": 10.212496195727514,
    "best_dev_slots_loss": 66.38837746376933,
    "dev_intent_loss": 2.171410362650902,
    "dev_ner_loss": 10.212496195727514,
    "dev_slots_loss": 66.38837746376933,
    "best_dev_sum": 2.710079141777977,
    "dev_sum": 2.710079141777977,
    "best_train_intent_accuracy": 0.9983258800596262,
    "best_train_ner_precision": 0.9993061277592263,
    "best_train_ner_recall": 0.9993928091252114,
    "best_train_ner_span_f1": 0.9993494665625814,
    "best_train_slots_precision": 0.9973310687856363,
    "best_train_slots_recall": 0.9974883822512346,
    "best_train_slots_span_f1": 0.9974097193154864,
    "train_intent_accuracy": 0.9983258800596262,
    "train_ner_precision": 0.9993061277592263,
    "train_ner_recall": 0.9993928091252114,
    "train_ner_span_f1": 0.9993494665625814,
    "train_slots_precision": 0.9973310687856363,
    "train_slots_recall": 0.9974883822512346,
    "train_slots_span_f1": 0.9974097193154864,
    "best_dev_intent_accuracy": 0.9618181818181818,
    "best_dev_ner_precision": 0.9345826235093697,
    "best_dev_ner_recall": 0.9323589394969408,
    "best_dev_ner_span_f1": 0.9334694572060575,
    "best_dev_slots_precision": 0.8262326471996171,
    "best_dev_slots_recall": 0.8036628899580941,
    "best_dev_slots_span_f1": 0.8147915027537374,
    "dev_intent_accuracy": 0.9618181818181818,
    "dev_ner_precision": 0.9345826235093697,
    "dev_ner_recall": 0.9323589394969408,
    "dev_ner_span_f1": 0.9334694572060575,
    "dev_slots_precision": 0.8262326471996171,
    "dev_slots_recall": 0.8036628899580941,
    "dev_slots_span_f1": 0.8147915027537374
}