{
    "epoch": "20/20",
    "best_epoch": 6,
    "max_gpu_mem": "3.5623",
    "cur_ram": "1.3545",
    "time_epoch": "0:18:46",
    "time_total": "7:28:26",
    "best_train_intent_loss": 1.7324976983998166,
    "best_train_slots_loss": 84.20841752128547,
    "train_intent_loss": 0.15683040373432983,
    "train_slots_loss": 9.112875322138612,
    "best_train_sum": 1.9483780799103023,
    "train_sum": 1.9483780799103023,
    "best_dev_intent_loss": 2.4617292115104026,
    "best_dev_slots_loss": 220.28792394174113,
    "dev_intent_loss": 2.752330965166145,
    "dev_slots_loss": 822.3105308515532,
    "best_dev_sum": 1.5391241416843249,
    "dev_sum": 1.5234533453345334,
    "best_train_intent_accuracy": 0.9833046668959982,
    "best_train_slots_precision": 0.731904761904762,
    "best_train_slots_recall": 0.7369935267321985,
    "best_train_slots_span_f1": 0.7344403297097122,
    "train_intent_accuracy": 0.9977296181630547,
    "train_slots_precision": 0.9360779939110833,
    "train_slots_recall": 0.965679693119156,
    "train_slots_span_f1": 0.9506484617472475,
    "best_dev_intent_accuracy": 0.9787878787878788,
    "best_dev_slots_precision": 0.5518590998043053,
    "best_dev_slots_recall": 0.5690779261099037,
    "best_dev_slots_span_f1": 0.5603362628964462,
    "dev_intent_accuracy": 0.99,
    "dev_slots_precision": 0.5161103047895501,
    "dev_slots_recall": 0.552002483700714,
    "dev_slots_span_f1": 0.5334533453345335
}