{
    "epoch": "20/20",
    "best_epoch": 10,
    "max_gpu_mem": "7.2472",
    "cur_ram": "1.4767",
    "time_epoch": "0:10:10",
    "time_total": "3:19:43",
    "best_train_intent_loss": 1.1697550297525638,
    "best_train_slots_loss": 58.918874895817375,
    "train_intent_loss": 0.332447508133827,
    "train_slots_loss": 20.614206100838626,
    "best_train_sum": 1.9124186036143582,
    "train_sum": 1.9124186036143582,
    "best_dev_intent_loss": 1.628749481435919,
    "best_dev_slots_loss": 241.32400182118784,
    "dev_intent_loss": 2.4304773064857446,
    "dev_slots_loss": 370.6644854453894,
    "best_dev_sum": 1.5510866238138967,
    "dev_sum": 1.5364496119775763,
    "best_train_intent_accuracy": 0.9888544891640867,
    "best_train_slots_precision": 0.7987505684674119,
    "best_train_slots_recall": 0.8000719251977942,
    "best_train_slots_span_f1": 0.7994107008108852,
    "train_intent_accuracy": 0.9963765623208347,
    "train_slots_precision": 0.9071002926622865,
    "train_slots_recall": 0.9251618316950372,
    "train_slots_span_f1": 0.9160420412935235,
    "best_dev_intent_accuracy": 0.9878787878787879,
    "best_dev_slots_precision": 0.5553878659824932,
    "best_dev_slots_recall": 0.5712511642347097,
    "best_dev_slots_span_f1": 0.5632078359351087,
    "dev_intent_accuracy": 0.9881818181818182,
    "dev_slots_precision": 0.5335683854855297,
    "dev_slots_recall": 0.5638000620925179,
    "dev_slots_span_f1": 0.5482677937957583
}