{
    "epoch": "20/20",
    "best_epoch": 10,
    "max_gpu_mem": "2.7269",
    "cur_ram": "1.5555",
    "time_epoch": "0:42:50",
    "time_total": "19:42:41",
    "best_train_intent_loss": 0.6250972380328723,
    "best_train_ner_loss": 0.5917463956470966,
    "best_train_slots_loss": 31.598529422651758,
    "train_intent_loss": 0.16395855068868856,
    "train_ner_loss": 0.03738653250843325,
    "train_slots_loss": 8.912910000543784,
    "best_train_sum": 2.9308386284504158,
    "train_sum": 2.9308386284504158,
    "best_dev_intent_loss": 1.4047505298793421,
    "best_dev_ner_loss": 7.77260532070268,
    "best_dev_slots_loss": 111.43992516096787,
    "dev_intent_loss": 1.8006895232760924,
    "dev_ner_loss": 10.769559074509964,
    "dev_slots_loss": 185.57253586811575,
    "best_dev_sum": 2.4475348023159946,
    "dev_sum": 2.4310642772723354,
    "best_train_intent_accuracy": 0.9897259488590758,
    "best_train_ner_precision": 0.9860876348979326,
    "best_train_ner_recall": 0.9867719130849634,
    "best_train_ner_span_f1": 0.9864296553219163,
    "best_train_slots_precision": 0.8067064189670737,
    "best_train_slots_recall": 0.8141333013665788,
    "best_train_slots_span_f1": 0.8104028447329483,
    "train_intent_accuracy": 0.9967893590184612,
    "train_ner_precision": 0.9992194614283856,
    "train_ner_recall": 0.9993928091252114,
    "train_ner_span_f1": 0.9993061277592263,
    "train_slots_precision": 0.9224098691658594,
    "train_slots_recall": 0.9474106928794054,
    "train_slots_span_f1": 0.9347431416727281,
    "best_dev_intent_accuracy": 0.9784848484848485,
    "best_dev_ner_precision": 0.929061000685401,
    "best_dev_ner_recall": 0.9214819850441877,
    "best_dev_ner_span_f1": 0.9252559726962458,
    "best_dev_slots_precision": 0.525234996384671,
    "best_dev_slots_recall": 0.5637125562626106,
    "best_dev_slots_span_f1": 0.5437939811349004,
    "dev_intent_accuracy": 0.9748484848484849,
    "dev_ner_precision": 0.9257103731598768,
    "dev_ner_recall": 0.9191026512576479,
    "dev_ner_span_f1": 0.9223946784922396,
    "dev_slots_precision": 0.5143144871241548,
    "dev_slots_recall": 0.5548657457706038,
    "dev_slots_span_f1": 0.5338211139316112
}