{
    "epoch": "20/20",
    "best_epoch": 20,
    "max_gpu_mem": "2.7308",
    "cur_ram": "1.6295",
    "time_epoch": "0:28:31",
    "time_total": "11:44:17",
    "best_train_intent_loss": 0.07040134796714183,
    "best_train_ner_loss": 0.039916481521360854,
    "best_train_slots_loss": 0.44847996585301453,
    "train_intent_loss": 0.07040134796714183,
    "train_ner_loss": 0.039916481521360854,
    "train_slots_loss": 0.44847996585301453,
    "best_train_sum": 2.995114194881987,
    "train_sum": 2.995114194881987,
    "best_dev_intent_loss": 1.3369348677522293,
    "best_dev_ner_loss": 10.102144878402894,
    "best_dev_slots_loss": 62.02671793694438,
    "dev_intent_loss": 1.3369348677522293,
    "dev_ner_loss": 10.102144878402894,
    "dev_slots_loss": 62.02671793694438,
    "best_dev_sum": 2.724785547674202,
    "dev_sum": 2.724785547674202,
    "best_train_intent_accuracy": 0.9985552115583075,
    "best_train_ner_precision": 0.9993061277592263,
    "best_train_ner_recall": 0.9993928091252114,
    "best_train_ner_span_f1": 0.9993494665625814,
    "best_train_slots_precision": 0.997136929963969,
    "best_train_slots_recall": 0.9972821141269398,
    "best_train_slots_span_f1": 0.9972095167610981,
    "train_intent_accuracy": 0.9985552115583075,
    "train_ner_precision": 0.9993061277592263,
    "train_ner_recall": 0.9993928091252114,
    "train_ner_span_f1": 0.9993494665625814,
    "train_slots_precision": 0.997136929963969,
    "train_slots_recall": 0.9972821141269398,
    "train_slots_span_f1": 0.9972095167610981,
    "best_dev_intent_accuracy": 0.9781818181818182,
    "best_dev_ner_precision": 0.9338335607094134,
    "best_dev_ner_recall": 0.9306594153636981,
    "best_dev_ner_span_f1": 0.9322437861763705,
    "best_dev_slots_precision": 0.8263300846780636,
    "best_dev_slots_recall": 0.8027316467484091,
    "best_dev_slots_span_f1": 0.8143599433160132,
    "dev_intent_accuracy": 0.9781818181818182,
    "dev_ner_precision": 0.9338335607094134,
    "dev_ner_recall": 0.9306594153636981,
    "dev_ner_span_f1": 0.9322437861763705,
    "dev_slots_precision": 0.8263300846780636,
    "dev_slots_recall": 0.8027316467484091,
    "dev_slots_span_f1": 0.8143599433160132
}