{
    "epoch": "20/20",
    "best_epoch": 13,
    "max_gpu_mem": "2.7116",
    "cur_ram": "1.4212",
    "time_epoch": "0:11:45",
    "time_total": "6:00:20",
    "best_train_dialect_loss": 1.0542088196827815,
    "best_train_intent_loss": 0.6263674997083669,
    "best_train_slots_loss": 34.09561157816059,
    "train_dialect_loss": 0.6266667251731013,
    "train_intent_loss": 0.29801650505457505,
    "train_slots_loss": 16.132430913356636,
    "best_train_sum": 2.8008230014661213,
    "train_sum": 2.8008230014661213,
    "best_dev_dialect_loss": 1.4900079291799795,
    "best_dev_intent_loss": 10.9741862460323,
    "best_dev_slots_loss": 272.7533034905143,
    "dev_dialect_loss": 1.5539236649222996,
    "dev_intent_loss": 14.365957909045012,
    "dev_slots_loss": 359.7657294853874,
    "best_dev_sum": 2.2155003987240827,
    "dev_sum": 2.191099959926584,
    "best_train_dialect_accuracy": 0.7824183226675648,
    "best_train_intent_accuracy": 0.9934869854374498,
    "best_train_slots_precision": 0.856733591917096,
    "best_train_slots_recall": 0.871122033085591,
    "best_train_slots_span_f1": 0.8638679037808857,
    "train_dialect_accuracy": 0.8767261704277535,
    "train_intent_accuracy": 0.9966288269693843,
    "train_slots_precision": 0.9153203212551363,
    "train_slots_recall": 0.9399424598417646,
    "train_slots_span_f1": 0.9274680040689834,
    "best_dev_dialect_accuracy": 0.7727272727272727,
    "best_dev_intent_accuracy": 0.9121212121212121,
    "best_dev_slots_precision": 0.5118996105581999,
    "best_dev_slots_recall": 0.5508303585286357,
    "best_dev_slots_span_f1": 0.5306519138755981,
    "dev_dialect_accuracy": 0.7757575757575758,
    "dev_intent_accuracy": 0.8948484848484849,
    "dev_slots_precision": 0.49171728326891223,
    "dev_slots_recall": 0.5528480521496197,
    "dev_slots_span_f1": 0.520493899320523
}