{
    "epoch": "20/20",
    "best_epoch": 16,
    "max_gpu_mem": "4.7385",
    "cur_ram": "1.4326",
    "time_epoch": "0:13:26",
    "time_total": "4:42:44",
    "best_train_intent_loss": 0.27514312817167763,
    "best_train_slots_loss": 2.3072174300363812,
    "train_intent_loss": 0.14774669985452182,
    "train_slots_loss": 0.8503349182453561,
    "best_train_sum": 1.995359224791934,
    "train_sum": 1.995359224791934,
    "best_dev_intent_loss": 5.24923770911902,
    "best_dev_slots_loss": 137.07905910565302,
    "dev_intent_loss": 5.83921197124191,
    "dev_slots_loss": 170.99860867170187,
    "best_dev_sum": 1.7947692472427454,
    "dev_sum": 1.776939912761092,
    "best_train_intent_accuracy": 0.997110423116615,
    "best_train_slots_precision": 0.9930902390534839,
    "best_train_slots_recall": 0.9939939575573,
    "best_train_slots_span_f1": 0.9935418928014844,
    "train_intent_accuracy": 0.9982341474601536,
    "train_slots_precision": 0.9968832239834096,
    "train_slots_recall": 0.9973670480604729,
    "train_slots_span_f1": 0.9971250773317806,
    "best_dev_intent_accuracy": 0.9712121212121212,
    "best_dev_slots_precision": 0.8334392879847425,
    "best_dev_slots_recall": 0.8139065652646282,
    "best_dev_slots_span_f1": 0.8235571260306243,
    "dev_intent_accuracy": 0.9693939393939394,
    "dev_slots_precision": 0.8252065446298397,
    "dev_slots_recall": 0.7906254850225051,
    "dev_slots_span_f1": 0.8075459733671528
}