{
    "epoch": "20/20",
    "best_epoch": 11,
    "max_gpu_mem": "4.7385",
    "cur_ram": "1.4509",
    "time_epoch": "0:09:30",
    "time_total": "3:46:36",
    "best_train_intent_loss": 0.9256638475172413,
    "best_train_slots_loss": 48.02227993494259,
    "train_intent_loss": 0.32276311717635864,
    "train_slots_loss": 17.933472167019975,
    "best_train_sum": 1.9259577958079976,
    "train_sum": 1.9259577958079976,
    "best_dev_intent_loss": 3.3153548528264833,
    "best_dev_slots_loss": 266.3327453319843,
    "dev_intent_loss": 4.386714681953331,
    "dev_slots_loss": 409.62268927922617,
    "best_dev_sum": 1.5194878753087708,
    "dev_sum": 1.5029316048605312,
    "best_train_intent_accuracy": 0.9914918013989221,
    "best_train_slots_precision": 0.8271565343406267,
    "best_train_slots_recall": 0.8347518580676097,
    "best_train_slots_span_f1": 0.8309368399699294,
    "train_intent_accuracy": 0.9967434927187249,
    "train_slots_precision": 0.9198764257438536,
    "train_slots_recall": 0.938743706545193,
    "train_slots_span_f1": 0.9292143030892728,
    "best_dev_intent_accuracy": 0.9769696969696969,
    "best_dev_slots_precision": 0.5351857444880701,
    "best_dev_slots_recall": 0.550054322520565,
    "best_dev_slots_span_f1": 0.5425181783390739,
    "dev_intent_accuracy": 0.9748484848484849,
    "dev_slots_precision": 0.5127942681678608,
    "dev_slots_recall": 0.5443116560608412,
    "dev_slots_span_f1": 0.5280831200120464
}