{
    "epoch": "20/20",
    "best_epoch": 12,
    "max_gpu_mem": "7.2547",
    "cur_ram": "1.4906",
    "time_epoch": "0:17:30",
    "time_total": "5:43:32",
    "best_train_intent_loss": 0.907230175047863,
    "best_train_slots_loss": 46.41242112686907,
    "train_intent_loss": 0.2710168673955601,
    "train_slots_loss": 17.10981365173094,
    "best_train_sum": 1.932532892188,
    "train_sum": 1.932532892188,
    "best_dev_intent_loss": 1.1996522578948106,
    "best_dev_slots_loss": 278.4612587140157,
    "dev_intent_loss": 1.3527076369609858,
    "dev_slots_loss": 397.0620389168079,
    "best_dev_sum": 1.5552788674739895,
    "dev_sum": 1.5501079174205015,
    "best_train_intent_accuracy": 0.9911707373007682,
    "best_train_slots_precision": 0.8336196816760924,
    "best_train_slots_recall": 0.8375569407815872,
    "best_train_slots_span_f1": 0.8355836731765072,
    "train_intent_accuracy": 0.9977066850131866,
    "train_slots_precision": 0.925523415654299,
    "train_slots_recall": 0.9443179093742508,
    "train_slots_span_f1": 0.9348262071748134,
    "best_dev_intent_accuracy": 0.9927272727272727,
    "best_dev_slots_precision": 0.5446091252542865,
    "best_dev_slots_recall": 0.5817165916498526,
    "best_dev_slots_span_f1": 0.5625515947467167,
    "dev_intent_accuracy": 0.9924242424242424,
    "dev_slots_precision": 0.5383504261158457,
    "dev_slots_recall": 0.5784572404159553,
    "dev_slots_span_f1": 0.5576836749962591
}