{
  "BookRestaurant": {
    "precision": 0.9967982924226254,
    "recall": 1.0,
    "f1-score": 0.9983965793693212,
    "support": 1868,
    "confused_with": {}
  },
  "alarm__time_left_on_alarm": {
    "precision": 0.9611307420494699,
    "recall": 0.9251700680272109,
    "f1-score": 0.9428076256499134,
    "support": 294,
    "confused_with": {
      "alarm__show_alarms": 21,
      "reminder__show_reminders": 1
    }
  },
  "reminder__show_reminders": {
    "precision": 0.9891640866873065,
    "recall": 0.9726027397260274,
    "f1-score": 0.9808135072908672,
    "support": 657,
    "confused_with": {
      "reminder__set_reminder": 18
    }
  },
  "weather__find": {
    "precision": 0.9999229168272566,
    "recall": 0.9986912002463623,
    "f1-score": 0.9993066789923735,
    "support": 12989,
    "confused_with": {
      "BookRestaurant": 5,
      "SearchScreeningEvent": 4
    }
  },
  "alarm__modify_alarm": {
    "precision": 0.9445910290237467,
    "recall": 0.8905472636815921,
    "f1-score": 0.9167733674775929,
    "support": 402,
    "confused_with": {
      "alarm__set_alarm": 40,
      "alarm__cancel_alarm": 3
    }
  },
  "alarm__snooze_alarm": {
    "precision": 0.9658703071672355,
    "recall": 0.9826388888888888,
    "f1-score": 0.9741824440619622,
    "support": 288,
    "confused_with": {
      "alarm__set_alarm": 3,
      "alarm__show_alarms": 1
    }
  },
  "SearchCreativeWork": {
    "precision": 0.9951430113329736,
    "recall": 0.9962182603997839,
    "f1-score": 0.9956803455723542,
    "support": 1851,
    "confused_with": {
      "SearchScreeningEvent": 5,
      "PlayMusic": 2
    }
  },
  "alarm__show_alarms": {
    "precision": 0.961436170212766,
    "recall": 0.9426336375488917,
    "f1-score": 0.9519420671494403,
    "support": 767,
    "confused_with": {
      "alarm__set_alarm": 25,
      "alarm__time_left_on_alarm": 11
    }
  },
  "reminder__set_reminder": {
    "precision": 0.9927763062846136,
    "recall": 0.9968568665377177,
    "f1-score": 0.9948124019785259,
    "support": 4136,
    "confused_with": {
      "alarm__set_alarm": 5,
      "reminder__show_reminders": 4
    }
  },
  "alarm__set_alarm": {
    "precision": 0.9754936949797763,
    "recall": 0.9891435464414958,
    "f1-score": 0.9822712026832775,
    "support": 4145,
    "confused_with": {
      "alarm__modify_alarm": 20,
      "alarm__cancel_alarm": 8
    }
  },
  "reminder__cancel_reminder": {
    "precision": 0.9941107184923439,
    "recall": 0.9917743830787309,
    "f1-score": 0.9929411764705882,
    "support": 851,
    "confused_with": {
      "reminder__set_reminder": 5,
      "alarm__cancel_alarm": 2
    }
  },
  "RateBook": {
    "precision": 0.9994526546250684,
    "recall": 1.0,
    "f1-score": 0.9997262523952916,
    "support": 1826,
    "confused_with": {}
  },
  "weather__checkSunrise": {
    "precision": 0.9886363636363636,
    "recall": 0.9886363636363636,
    "f1-score": 0.9886363636363636,
    "support": 88,
    "confused_with": {
      "weather__checkSunset": 1
    }
  },
  "SearchScreeningEvent": {
    "precision": 0.9943534726143421,
    "recall": 0.9982993197278912,
    "f1-score": 0.9963224893917964,
    "support": 1764,
    "confused_with": {
      "SearchCreativeWork": 2,
      "weather__find": 1
    }
  },
  "alarm__cancel_alarm": {
    "precision": 0.9870689655172413,
    "recall": 0.9737774627923459,
    "f1-score": 0.9803781662504459,
    "support": 1411,
    "confused_with": {
      "alarm__set_alarm": 29,
      "alarm__snooze_alarm": 5
    }
  },
  "weather__checkSunset": {
    "precision": 0.9754098360655737,
    "recall": 1.0,
    "f1-score": 0.9875518672199171,
    "support": 119,
    "confused_with": {}
  },
  "PlayMusic": {
    "precision": 0.9989373007438895,
    "recall": 0.9968186638388123,
    "f1-score": 0.9978768577494693,
    "support": 1886,
    "confused_with": {
      "SearchCreativeWork": 3,
      "AddToPlaylist": 2
    }
  },
  "AddToPlaylist": {
    "precision": 0.998911860718172,
    "recall": 1.0,
    "f1-score": 0.9994556341861731,
    "support": 1836,
    "confused_with": {}
  },
  "accuracy": 0.9927645381677336,
  "macro avg": {
    "precision": 0.9844004294111536,
    "recall": 0.9802115924762285,
    "f1-score": 0.9822152793069817,
    "support": 37178
  },
  "weighted avg": {
    "precision": 0.9927429444286838,
    "recall": 0.9927645381677336,
    "f1-score": 0.9927301964764518,
    "support": 37178
  },
  "micro avg": {
    "precision": 0.9927645381677336,
    "recall": 0.9927645381677336,
    "f1-score": 0.9927645381677336,
    "support": 37178
  }
}