{
    "epoch": "20/20",
    "best_epoch": 11,
    "max_gpu_mem": "2.7097",
    "cur_ram": "1.4184",
    "time_epoch": "0:12:54",
    "time_total": "4:44:32",
    "best_train_intent_loss": 0.6170101080148463,
    "best_train_slots_loss": 6.584616523583147,
    "train_intent_loss": 0.13051853977279387,
    "train_slots_loss": 0.7454590115228822,
    "best_train_sum": 1.9960974173516361,
    "train_sum": 1.9960974173516361,
    "best_dev_intent_loss": 5.022485289593953,
    "best_dev_slots_loss": 125.31080736105258,
    "dev_intent_loss": 5.785648614350626,
    "dev_slots_loss": 176.11402832544766,
    "best_dev_sum": 1.7675898934464203,
    "dev_sum": 1.7587130942232982,
    "best_train_intent_accuracy": 0.9939456484348125,
    "best_train_slots_precision": 0.981874281565733,
    "best_train_slots_recall": 0.984590557773275,
    "best_train_slots_span_f1": 0.9832305436744981,
    "train_intent_accuracy": 0.9985781447081756,
    "train_slots_precision": 0.9972954617119849,
    "train_slots_recall": 0.9977431840518339,
    "train_slots_span_f1": 0.9975192726434606,
    "best_dev_intent_accuracy": 0.9581818181818181,
    "best_dev_slots_precision": 0.8178073510773131,
    "best_dev_slots_recall": 0.8011795747322675,
    "best_dev_slots_span_f1": 0.8094080752646021,
    "dev_intent_accuracy": 0.9551515151515152,
    "dev_slots_precision": 0.816101152368758,
    "dev_slots_recall": 0.7914015210305758,
    "dev_slots_span_f1": 0.8035615790717832
}