{
    "epoch": "20/20",
    "best_epoch": 12,
    "max_gpu_mem": "4.0735",
    "cur_ram": "1.4200",
    "time_epoch": "0:16:50",
    "time_total": "5:50:20",
    "best_train_intent_loss": 0.8370393752732406,
    "best_train_slots_loss": 42.54513985989991,
    "train_intent_loss": 0.31786356935873666,
    "train_slots_loss": 17.99834798349673,
    "best_train_sum": 1.9218649507633891,
    "train_sum": 1.9218649507633891,
    "best_dev_intent_loss": 2.301095841256588,
    "best_dev_slots_loss": 288.82671600580215,
    "dev_intent_loss": 2.60746342733588,
    "dev_slots_loss": 413.10237880853504,
    "best_dev_sum": 1.534101704559795,
    "dev_sum": 1.5284499685990665,
    "best_train_intent_accuracy": 0.9919045980965485,
    "best_train_slots_precision": 0.8397234815753027,
    "best_train_slots_recall": 0.8503836010549028,
    "best_train_slots_span_f1": 0.8450199226916181,
    "train_intent_accuracy": 0.9963536291709666,
    "train_slots_precision": 0.9142272381732063,
    "train_slots_recall": 0.9370774394629585,
    "train_slots_span_f1": 0.9255113215924227,
    "best_dev_intent_accuracy": 0.983030303030303,
    "best_dev_slots_precision": 0.5379952690715553,
    "best_dev_slots_recall": 0.5647990066739097,
    "best_dev_slots_span_f1": 0.551071401529492,
    "dev_intent_accuracy": 0.9842424242424243,
    "dev_slots_precision": 0.5235977621575096,
    "dev_slots_recall": 0.5665062858916654,
    "dev_slots_span_f1": 0.5442075443566423
}