{
    "epoch": "20/20",
    "best_epoch": 8,
    "max_gpu_mem": "4.0888",
    "cur_ram": "1.4217",
    "time_epoch": "0:17:54",
    "time_total": "5:48:25",
    "best_train_intent_loss": 1.6906741013692697,
    "best_train_slots_loss": 72.22863028037224,
    "train_intent_loss": 0.31070919335815167,
    "train_slots_loss": 17.553566713675977,
    "best_train_sum": 1.9231655053401293,
    "train_sum": 1.9231655053401293,
    "best_dev_intent_loss": 3.667001164015556,
    "best_dev_slots_loss": 241.6558548945647,
    "dev_intent_loss": 3.729141531807517,
    "dev_slots_loss": 405.3977679381004,
    "best_dev_sum": 1.5297083597826429,
    "dev_sum": 1.5143133428644346,
    "best_train_intent_accuracy": 0.984978786836372,
    "best_train_slots_precision": 0.7658309301937606,
    "best_train_slots_recall": 0.770402781107648,
    "best_train_slots_span_f1": 0.7681100527076934,
    "train_intent_accuracy": 0.9966288269693843,
    "train_slots_precision": 0.915441047421812,
    "train_slots_recall": 0.9379045792375929,
    "train_slots_span_f1": 0.9265366783707449,
    "best_dev_intent_accuracy": 0.973030303030303,
    "best_dev_slots_precision": 0.5338367288787577,
    "best_dev_slots_recall": 0.5815613844482383,
    "best_dev_slots_span_f1": 0.5566780567523398,
    "dev_intent_accuracy": 0.9748484848484849,
    "dev_slots_precision": 0.5189274447949527,
    "dev_slots_recall": 0.5616948626416266,
    "dev_slots_span_f1": 0.5394648580159499
}