{
    "epoch": "20/20",
    "best_epoch": 19,
    "max_gpu_mem": "2.7025",
    "cur_ram": "1.4203",
    "time_epoch": "0:15:43",
    "time_total": "5:08:18",
    "best_train_intent_loss": 0.1424609022795024,
    "best_train_slots_loss": 1.0032519016947066,
    "train_intent_loss": 0.11067339342430187,
    "train_slots_loss": 0.776276239327022,
    "best_train_sum": 1.9961020148648294,
    "train_sum": 1.9961020148648294,
    "best_dev_intent_loss": 0.3293298302667371,
    "best_dev_slots_loss": 7.827314584151559,
    "dev_intent_loss": 0.35802789441663463,
    "dev_slots_loss": 7.8026311045107635,
    "best_dev_sum": 1.9878581999727951,
    "dev_sum": 1.9868920977727775,
    "best_train_intent_accuracy": 0.9986044015029523,
    "best_train_slots_precision": 0.9967023627400986,
    "best_train_slots_recall": 0.9970752278601551,
    "best_train_slots_span_f1": 0.9968887604345534,
    "train_intent_accuracy": 0.9988620504562533,
    "train_slots_precision": 0.9971099903666345,
    "train_slots_recall": 0.9973699723393643,
    "train_slots_span_f1": 0.997239964408576,
    "best_dev_intent_accuracy": 0.9980716253443526,
    "best_dev_slots_precision": 0.9887419082465522,
    "best_dev_slots_recall": 0.9908334508531942,
    "best_dev_slots_span_f1": 0.9897865746284426,
    "dev_intent_accuracy": 0.9975206611570248,
    "dev_slots_precision": 0.9876335019673974,
    "dev_slots_recall": 0.9911154985192497,
    "dev_slots_span_f1": 0.9893714366157528
}