{
    "epoch": "20/20",
    "best_epoch": 10,
    "max_gpu_mem": "2.7047",
    "cur_ram": "1.4384",
    "time_epoch": "0:19:28",
    "time_total": "5:32:46",
    "best_train_dialect_loss": 1.2638615245347495,
    "best_train_intent_loss": 0.6691640528284891,
    "best_train_slots_loss": 7.251018051917736,
    "train_dialect_loss": 0.4156870934498179,
    "train_intent_loss": 0.11025555471168205,
    "train_slots_loss": 0.6778802563855936,
    "best_train_sum": 2.906545941976624,
    "train_sum": 2.906545941976624,
    "best_dev_dialect_loss": 1.7430995775305707,
    "best_dev_intent_loss": 18.995360407621963,
    "best_dev_slots_loss": 126.674663804925,
    "dev_dialect_loss": 1.7500552488409955,
    "dev_intent_loss": 28.318284785229228,
    "dev_slots_loss": 166.52548640292625,
    "best_dev_sum": 2.348076175670424,
    "dev_sum": 2.26254273457902,
    "best_train_dialect_accuracy": 0.7393939393939394,
    "best_train_intent_accuracy": 0.9932576539387685,
    "best_train_slots_precision": 0.9790002420721375,
    "best_train_slots_recall": 0.9814116019753206,
    "best_train_slots_span_f1": 0.9802044390045868,
    "train_dialect_accuracy": 0.9101010101010101,
    "train_intent_accuracy": 0.9988533425065933,
    "train_slots_precision": 0.9975613307126738,
    "train_slots_recall": 0.9976218498610724,
    "train_slots_span_f1": 0.9975915893690207,
    "best_dev_dialect_accuracy": 0.7666666666666667,
    "best_dev_intent_accuracy": 0.8333333333333334,
    "best_dev_slots_precision": 0.7492992837122392,
    "best_dev_slots_recall": 0.7468570541673134,
    "best_dev_slots_span_f1": 0.7480761756704237,
    "dev_dialect_accuracy": 0.7787878787878788,
    "dev_intent_accuracy": 0.7387878787878788,
    "dev_slots_precision": 0.7643696930111038,
    "dev_slots_recall": 0.7265249107558591,
    "dev_slots_span_f1": 0.7449669770032624
}