{
    "epoch": "20/20",
    "best_epoch": 17,
    "max_gpu_mem": "2.4671",
    "cur_ram": "1.1036",
    "time_epoch": "0:00:26",
    "time_total": "0:07:38",
    "best_train_dialect_loss": 5.579027099915409,
    "train_dialect_loss": 4.233639887343812,
    "best_train_sum": 0.9427609427609428,
    "train_sum": 0.9427609427609428,
    "best_dev_dialect_loss": 20.654580788178876,
    "dev_dialect_loss": 23.540914275429465,
    "best_dev_sum": 0.8151515151515152,
    "dev_sum": 0.8,
    "best_train_dialect_accuracy": 0.9265993265993266,
    "train_dialect_accuracy": 0.9427609427609428,
    "best_dev_dialect_accuracy": 0.8151515151515152,
    "dev_dialect_accuracy": 0.8
}