{
    "epoch": "20/20",
    "best_epoch": 8,
    "max_gpu_mem": "2.7021",
    "cur_ram": "1.4401",
    "time_epoch": "0:24:53",
    "time_total": "6:29:43",
    "best_train_dialect_loss": 1.5023735100096398,
    "best_train_intent_loss": 0.9385173850626286,
    "best_train_slots_loss": 11.774096891775237,
    "train_dialect_loss": 0.3954977402361212,
    "train_intent_loss": 0.11152435974311599,
    "train_slots_loss": 0.7188842198350928,
    "best_train_sum": 2.91155054904403,
    "train_sum": 2.91155054904403,
    "best_dev_dialect_loss": 1.770064347723256,
    "best_dev_intent_loss": 20.269142273198003,
    "best_dev_slots_loss": 106.7238053591355,
    "dev_dialect_loss": 1.7595525700113048,
    "dev_intent_loss": 31.84708817523459,
    "dev_slots_loss": 162.0601338925569,
    "best_dev_sum": 2.37477096546864,
    "dev_sum": 2.219009493577874,
    "best_train_dialect_accuracy": 0.6868686868686869,
    "best_train_intent_accuracy": 0.9910790047012957,
    "best_train_slots_precision": 0.9675451734467099,
    "best_train_slots_recall": 0.9719475350959147,
    "best_train_slots_span_f1": 0.9697413579163363,
    "train_dialect_accuracy": 0.9154882154882155,
    "train_intent_accuracy": 0.9987616099071207,
    "train_slots_precision": 0.9971495111714903,
    "train_slots_recall": 0.9974519819940061,
    "train_slots_span_f1": 0.9973007236486938,
    "best_dev_dialect_accuracy": 0.7484848484848485,
    "best_dev_intent_accuracy": 0.8363636363636363,
    "best_dev_slots_precision": 0.7890661297816324,
    "best_dev_slots_recall": 0.7907806922241192,
    "best_dev_slots_span_f1": 0.789922480620155,
    "dev_dialect_accuracy": 0.7787878787878788,
    "dev_intent_accuracy": 0.6927272727272727,
    "dev_slots_precision": 0.7798954292460786,
    "dev_slots_recall": 0.7176781002638523,
    "dev_slots_span_f1": 0.7474943420627224
}