{
    "epoch": "20/20",
    "best_epoch": 10,
    "max_gpu_mem": "3.1414",
    "cur_ram": "1.4236",
    "time_epoch": "0:32:08",
    "time_total": "11:12:54",
    "best_train_intent_loss": 1.0014851805512293,
    "best_train_slots_loss": 55.694336498299684,
    "train_intent_loss": 0.3134296412459883,
    "train_slots_loss": 18.500806681478366,
    "best_train_sum": 1.9191975798079157,
    "train_sum": 1.9191975798079157,
    "best_dev_intent_loss": 4.6704483643138355,
    "best_dev_slots_loss": 249.66427300985043,
    "dev_intent_loss": 5.482563277499978,
    "dev_slots_loss": 388.3675189660146,
    "best_dev_sum": 1.5140914547637236,
    "dev_sum": 1.5066972551898528,
    "best_train_intent_accuracy": 0.9906432748538012,
    "best_train_slots_precision": 0.8033825885704112,
    "best_train_slots_recall": 0.811424118916327,
    "best_train_slots_span_f1": 0.8073833308483673,
    "train_intent_accuracy": 0.9961242976722853,
    "train_slots_precision": 0.9113297039650459,
    "train_slots_recall": 0.9351234715895469,
    "train_slots_span_f1": 0.9230732821356304,
    "best_dev_intent_accuracy": 0.9672727272727273,
    "best_dev_slots_precision": 0.5292665214233842,
    "best_dev_slots_recall": 0.5655750426819804,
    "best_dev_slots_span_f1": 0.5468187274909964,
    "dev_intent_accuracy": 0.9687878787878788,
    "dev_slots_precision": 0.518972731207618,
    "dev_slots_recall": 0.5582803042061152,
    "dev_slots_span_f1": 0.5379093764019741
}