{
    "epoch": "20/20",
    "best_epoch": 10,
    "max_gpu_mem": "4.7310",
    "cur_ram": "1.4475",
    "time_epoch": "0:14:13",
    "time_total": "4:40:38",
    "best_train_intent_loss": 0.8120239843406295,
    "best_train_slots_loss": 8.374627448492687,
    "train_intent_loss": 0.14397341966098753,
    "train_slots_loss": 0.8473452528172001,
    "best_train_sum": 1.9956336178995593,
    "train_sum": 1.9956336178995593,
    "best_dev_intent_loss": 4.892008099689869,
    "best_dev_slots_loss": 103.4288113621565,
    "dev_intent_loss": 5.3215257977996435,
    "dev_slots_loss": 168.31013025687292,
    "best_dev_sum": 1.7792041914471821,
    "dev_sum": 1.7714849631243073,
    "best_train_intent_accuracy": 0.9922256621947024,
    "best_train_slots_precision": 0.9774970963995354,
    "best_train_slots_recall": 0.9803317276775423,
    "best_train_slots_span_f1": 0.978912359986188,
    "train_intent_accuracy": 0.9984176126590987,
    "train_slots_precision": 0.996992262352342,
    "train_slots_recall": 0.99743984857493,
    "train_slots_span_f1": 0.9972160052404607,
    "best_dev_intent_accuracy": 0.963939393939394,
    "best_dev_slots_precision": 0.818196029388776,
    "best_dev_slots_recall": 0.8123544932484867,
    "best_dev_slots_span_f1": 0.8152647975077881,
    "dev_intent_accuracy": 0.9675757575757575,
    "dev_slots_precision": 0.8166533226581265,
    "dev_slots_recall": 0.7915567282321899,
    "dev_slots_span_f1": 0.8039092055485497
}