{
    "epoch": "20/20",
    "best_epoch": 5,
    "max_gpu_mem": "2.7084",
    "cur_ram": "1.4309",
    "time_epoch": "0:32:46",
    "time_total": "10:52:11",
    "best_train_intent_loss": 4.039761871690083,
    "best_train_slots_loss": 114.80977630545317,
    "train_intent_loss": 0.20752196783048454,
    "train_slots_loss": 12.521244117940975,
    "best_train_sum": 1.9476967487679053,
    "train_sum": 1.9476967487679053,
    "best_dev_intent_loss": 1.8989683010687048,
    "best_dev_slots_loss": 216.04573348393808,
    "dev_intent_loss": 2.7488914645728073,
    "dev_slots_loss": 478.89101993120636,
    "best_dev_sum": 1.5526719371567261,
    "dev_sum": 1.5300542578877403,
    "best_train_intent_accuracy": 0.9640178878568971,
    "best_train_slots_precision": 0.666546943466705,
    "best_train_slots_recall": 0.6673939103332535,
    "best_train_slots_span_f1": 0.6669701580151666,
    "train_intent_accuracy": 0.9980277491113404,
    "train_slots_precision": 0.9383234653998268,
    "train_slots_recall": 0.9612922560537042,
    "train_slots_span_f1": 0.9496689996565649,
    "best_dev_intent_accuracy": 0.9839393939393939,
    "best_dev_slots_precision": 0.5536449147560258,
    "best_dev_slots_recall": 0.5846655284805214,
    "best_dev_slots_span_f1": 0.5687325432173322,
    "dev_intent_accuracy": 0.9845454545454545,
    "dev_slots_precision": 0.525211894842695,
    "dev_slots_recall": 0.5674375291013503,
    "dev_slots_span_f1": 0.5455088033422858
}