{
    "epoch": "20/20",
    "best_epoch": 11,
    "max_gpu_mem": "2.7084",
    "cur_ram": "1.4209",
    "time_epoch": "0:18:29",
    "time_total": "6:24:18",
    "best_train_intent_loss": 0.878825467245159,
    "best_train_slots_loss": 48.04648229678764,
    "train_intent_loss": 0.3234882078398714,
    "train_slots_loss": 17.588384653484656,
    "best_train_sum": 1.9236758807105903,
    "train_sum": 1.9236758807105903,
    "best_dev_intent_loss": 3.7089991551228403,
    "best_dev_slots_loss": 273.4298535264455,
    "dev_intent_loss": 4.952217364439443,
    "dev_slots_loss": 414.64215727494314,
    "best_dev_sum": 1.5328242223876758,
    "dev_sum": 1.5072262957592097,
    "best_train_intent_accuracy": 0.9919963306960211,
    "best_train_slots_precision": 0.823307691395925,
    "best_train_slots_recall": 0.8326540397986094,
    "best_train_slots_span_f1": 0.8279544899187661,
    "train_intent_accuracy": 0.996399495470703,
    "train_slots_precision": 0.9155954940637562,
    "train_slots_recall": 0.9392591704627188,
    "train_slots_span_f1": 0.9272763852398873,
    "best_dev_intent_accuracy": 0.9757575757575757,
    "best_dev_slots_precision": 0.5398281636813747,
    "best_dev_slots_recall": 0.5754424091896927,
    "best_dev_slots_span_f1": 0.5570666466301001,
    "dev_intent_accuracy": 0.9672727272727273,
    "dev_slots_precision": 0.5216321805816814,
    "dev_slots_recall": 0.559608817137535,
    "dev_slots_span_f1": 0.5399535684864825
}