{
    "epoch": "20/20",
    "best_epoch": 8,
    "max_gpu_mem": "3.5647",
    "cur_ram": "1.3750",
    "time_epoch": "0:25:59",
    "time_total": "10:42:50",
    "best_train_intent_loss": 1.095554921300758,
    "best_train_slots_loss": 58.02715944072367,
    "train_intent_loss": 0.046994628822099226,
    "train_slots_loss": 3.5039481262022236,
    "best_train_sum": 1.9713965332107777,
    "train_sum": 1.9713965332107777,
    "best_dev_intent_loss": 1.6081987647916534,
    "best_dev_slots_loss": 237.69075272104763,
    "dev_intent_loss": 5.85776787400301,
    "dev_slots_loss": 837.5109905122637,
    "best_dev_sum": 1.5483811766001678,
    "dev_sum": 1.5181932720798785,
    "best_train_intent_accuracy": 0.9885104919160647,
    "best_train_slots_precision": 0.7945732280839614,
    "best_train_slots_recall": 0.8000119875329658,
    "best_train_slots_span_f1": 0.7972833326364456,
    "train_intent_accuracy": 0.9993808049535604,
    "train_slots_precision": 0.9562816809919847,
    "train_slots_recall": 0.98827619275953,
    "train_slots_span_f1": 0.9720157282572172,
    "best_dev_intent_accuracy": 0.9869696969696969,
    "best_dev_slots_precision": 0.5481295283158362,
    "best_dev_slots_recall": 0.5753530963836722,
    "best_dev_slots_span_f1": 0.561411479630471,
    "dev_intent_accuracy": 0.9842424242424243,
    "dev_slots_precision": 0.5146889400921659,
    "dev_slots_recall": 0.5547105385689896,
    "dev_slots_span_f1": 0.5339508478374543
}