{
    "epoch": "20/20",
    "best_epoch": 10,
    "max_gpu_mem": "2.7304",
    "cur_ram": "1.3528",
    "time_epoch": "0:31:48",
    "time_total": "10:41:19",
    "best_train_ner_loss": 1.7578853409371538,
    "train_ner_loss": 0.07003137200533269,
    "best_train_sum": 0.9994578770465142,
    "train_sum": 0.9994578770465142,
    "best_dev_ner_loss": 12.995610770645674,
    "dev_ner_loss": 19.526388595154234,
    "best_dev_sum": 0.9301295160190864,
    "dev_sum": 0.9264555669050051,
    "best_train_ner_precision": 0.983884941951135,
    "best_train_ner_recall": 0.9850370820141389,
    "best_train_ner_span_f1": 0.9844606748878438,
    "train_ner_precision": 0.9994362043542372,
    "train_ner_recall": 0.9994795506787526,
    "train_ner_span_f1": 0.9994578770465142,
    "best_dev_ner_precision": 0.9326725905673274,
    "best_dev_ner_recall": 0.9276002719238613,
    "best_dev_ner_span_f1": 0.9301295160190864,
    "dev_ner_precision": 0.9280354706684857,
    "dev_ner_recall": 0.9248810333106731,
    "dev_ner_span_f1": 0.9264555669050051
}