{
    "epoch": "20/20",
    "best_epoch": 20,
    "max_gpu_mem": "2.7372",
    "cur_ram": "1.3597",
    "time_epoch": "0:31:46",
    "time_total": "10:41:41",
    "best_train_ner_loss": 0.06127458201620526,
    "train_ner_loss": 0.06127458201620526,
    "best_train_sum": 0.9994145072102352,
    "train_sum": 0.9994145072102352,
    "best_dev_ner_loss": 19.74280203305758,
    "dev_ner_loss": 19.74280203305758,
    "best_dev_sum": 0.9307875894988067,
    "dev_sum": 0.9307875894988067,
    "best_train_ner_precision": 0.9993928354584092,
    "best_train_ner_recall": 0.9994361799019821,
    "best_train_ner_span_f1": 0.9994145072102352,
    "train_ner_precision": 0.9993928354584092,
    "train_ner_recall": 0.9994361799019821,
    "train_ner_span_f1": 0.9994145072102352,
    "best_dev_ner_precision": 0.9336525307797537,
    "best_dev_ner_recall": 0.9279401767505099,
    "best_dev_ner_span_f1": 0.9307875894988067,
    "dev_ner_precision": 0.9336525307797537,
    "dev_ner_recall": 0.9279401767505099,
    "dev_ner_span_f1": 0.9307875894988067
}