{
    "epoch": "20/20",
    "best_epoch": 6,
    "max_gpu_mem": "2.7023",
    "cur_ram": "1.4247",
    "time_epoch": "0:32:49",
    "time_total": "10:48:24",
    "best_train_intent_loss": 2.737419717100272,
    "best_train_slots_loss": 95.72003437960227,
    "train_intent_loss": 0.333446824723979,
    "train_slots_loss": 15.303729030024192,
    "best_train_sum": 1.9328272597465288,
    "train_sum": 1.9328272597465288,
    "best_dev_intent_loss": 1.9375157869026924,
    "best_dev_slots_loss": 214.13968192155545,
    "dev_intent_loss": 2.92508307906344,
    "dev_slots_loss": 449.47574144143323,
    "best_dev_sum": 1.557814321095571,
    "dev_sum": 1.5233238920057375,
    "best_train_intent_accuracy": 0.9757596605893819,
    "best_train_slots_precision": 0.7107754760909797,
    "best_train_slots_recall": 0.7136298249820187,
    "best_train_slots_span_f1": 0.7121997906385525,
    "train_intent_accuracy": 0.9966517601192524,
    "train_slots_precision": 0.9242226012195407,
    "train_slots_recall": 0.9484416207144569,
    "train_slots_span_f1": 0.9361754996272763,
    "best_dev_intent_accuracy": 0.9787878787878788,
    "best_dev_slots_precision": 0.5610714805648566,
    "best_dev_slots_recall": 0.598168555020953,
    "best_dev_slots_span_f1": 0.5790264423076924,
    "dev_intent_accuracy": 0.983030303030303,
    "dev_slots_precision": 0.5220726588507744,
    "dev_slots_recall": 0.5598323762222567,
    "dev_slots_span_f1": 0.5402935889754344
}