{
  "reference": {
    "precision": 0.9831040308954864,
    "recall": 0.9914800389483934,
    "f1-score": 0.9872742697854806,
    "support": 4108,
    "confused_with": {
      "reminder__todo": 5
    }
  },
  "object_name": {
    "precision": 0.998809287557055,
    "recall": 0.9927021696252466,
    "f1-score": 0.9957463646255812,
    "support": 10140,
    "confused_with": {
      "object_type": 10
    }
  },
  "condition_description": {
    "precision": 0.9813084112149533,
    "recall": 0.9767441860465116,
    "f1-score": 0.979020979020979,
    "support": 430,
    "confused_with": {
      "weather__attribute": 9
    }
  },
  "movie_type": {
    "precision": 1.0,
    "recall": 0.9964788732394366,
    "f1-score": 0.998236331569665,
    "support": 852,
    "confused_with": {
      "object_type": 3
    }
  },
  "recurring_datetime": {
    "precision": 0.8913997367266345,
    "recall": 0.9842538759689923,
    "f1-score": 0.9355284365645866,
    "support": 4128,
    "confused_with": {
      "datetime": 34
    }
  },
  "cuisine": {
    "precision": 0.9369747899159664,
    "recall": 0.9867256637168141,
    "f1-score": 0.9612068965517242,
    "support": 226,
    "confused_with": {
      "served_dish": 1
    }
  },
  "datetime": {
    "precision": 0.9745226576589471,
    "recall": 0.9785564402541033,
    "f1-score": 0.9765353833797079,
    "support": 34789,
    "confused_with": {
      "recurring_datetime": 324
    }
  },
  "negation": {
    "precision": 0.0,
    "recall": 0.0,
    "f1-score": 0.0,
    "support": 5,
    "confused_with": {}
  },
  "artist": {
    "precision": 0.9924686192468619,
    "recall": 0.9969179041748389,
    "f1-score": 0.9946882862734135,
    "support": 3569,
    "confused_with": {
      "entity_name": 7
    }
  },
  "reminder__todo": {
    "precision": 0.9823648820096422,
    "recall": 0.9788874841972187,
    "f1-score": 0.9806231003039514,
    "support": 15820,
    "confused_with": {
      "datetime": 116
    }
  },
  "object_select": {
    "precision": 0.991304347826087,
    "recall": 0.9967213114754099,
    "f1-score": 0.9940054495912807,
    "support": 915,
    "confused_with": {}
  },
  "album": {
    "precision": 0.9766949152542372,
    "recall": 0.8731060606060606,
    "f1-score": 0.9219999999999999,
    "support": 528,
    "confused_with": {
      "track": 46,
      "artist": 14
    }
  },
  "entity_name": {
    "precision": 0.9901162790697674,
    "recall": 0.9821222606689735,
    "f1-score": 0.9861030689056167,
    "support": 1734,
    "confused_with": {
      "playlist": 16
    }
  },
  "condition_temperature": {
    "precision": 0.9698275862068966,
    "recall": 0.9911894273127754,
    "f1-score": 0.9803921568627452,
    "support": 454,
    "confused_with": {
      "weather__attribute": 4
    }
  },
  "served_dish": {
    "precision": 0.9944903581267218,
    "recall": 0.9425587467362925,
    "f1-score": 0.9678284182305631,
    "support": 383,
    "confused_with": {
      "cuisine": 14
    }
  },
  "alarm__alarm_modifier": {
    "precision": 0.0,
    "recall": 0.0,
    "f1-score": 0.0,
    "support": 18,
    "confused_with": {
      "datetime": 2,
      "recurring_datetime": 2
    }
  },
  "location": {
    "precision": 0.9882501327668614,
    "recall": 0.9968528190705772,
    "f1-score": 0.9925328355223682,
    "support": 14934,
    "confused_with": {
      "datetime": 10
    }
  },
  "movie_name": {
    "precision": 0.9950438429279451,
    "recall": 0.9923954372623575,
    "f1-score": 0.9937178754997144,
    "support": 2630,
    "confused_with": {
      "object_name": 6
    }
  },
  "best_rating": {
    "precision": 1.0,
    "recall": 0.9989816700610998,
    "f1-score": 0.999490575649516,
    "support": 982,
    "confused_with": {
      "rating_value": 1
    }
  },
  "playlist": {
    "precision": 0.9950143815915627,
    "recall": 0.9940613026819923,
    "f1-score": 0.9945376137997125,
    "support": 5220,
    "confused_with": {
      "artist": 4
    }
  },
  "reminder__reminder_modifier": {
    "precision": 0.0,
    "recall": 0.0,
    "f1-score": 0.0,
    "support": 6,
    "confused_with": {
      "reminder__todo": 4,
      "datetime": 1
    }
  },
  "genre": {
    "precision": 0.9835164835164835,
    "recall": 0.9322916666666666,
    "f1-score": 0.9572192513368983,
    "support": 192,
    "confused_with": {
      "album": 8,
      "sort": 2
    }
  },
  "service": {
    "precision": 1.0,
    "recall": 0.9988425925925926,
    "f1-score": 0.9994209612044007,
    "support": 864,
    "confused_with": {}
  },
  "object_location_type": {
    "precision": 0.9971988795518207,
    "recall": 0.9971988795518207,
    "f1-score": 0.9971988795518207,
    "support": 714,
    "confused_with": {
      "object_type": 2
    }
  },
  "party_size_number": {
    "precision": 0.987667009249743,
    "recall": 0.9979231568016614,
    "f1-score": 0.9927685950413223,
    "support": 963,
    "confused_with": {
      "datetime": 2
    }
  },
  "sort": {
    "precision": 0.9896602658788775,
    "recall": 1.0,
    "f1-score": 0.9948032665181886,
    "support": 670,
    "confused_with": {}
  },
  "rating_value": {
    "precision": 0.9972707423580786,
    "recall": 1.0,
    "f1-score": 0.9986335064225198,
    "support": 1827,
    "confused_with": {}
  },
  "track": {
    "precision": 0.922360248447205,
    "recall": 0.9801980198019802,
    "f1-score": 0.9504,
    "support": 606,
    "confused_with": {
      "artist": 7
    }
  },
  "rating_unit": {
    "precision": 0.9971428571428571,
    "recall": 1.0,
    "f1-score": 0.9985693848354792,
    "support": 1047,
    "confused_with": {}
  },
  "news__type": {
    "precision": 0.0,
    "recall": 0.0,
    "f1-score": 0.0,
    "support": 1,
    "confused_with": {}
  },
  "restaurant_name": {
    "precision": 1.0,
    "recall": 0.9661781285231116,
    "f1-score": 0.9827981651376148,
    "support": 887,
    "confused_with": {
      "location": 9
    }
  },
  "object_type": {
    "precision": 0.9880921563551643,
    "recall": 0.9992146596858639,
    "f1-score": 0.9936222829623844,
    "support": 3820,
    "confused_with": {}
  },
  "weather__attribute": {
    "precision": 0.9846739245322904,
    "recall": 0.9843617920540998,
    "f1-score": 0.9845178335535008,
    "support": 9464,
    "confused_with": {
      "condition_temperature": 12
    }
  },
  "music_item": {
    "precision": 0.991421568627451,
    "recall": 0.9993823347745522,
    "f1-score": 0.9953860350661337,
    "support": 1619,
    "confused_with": {
      "datetime": 1
    }
  },
  "facility": {
    "precision": 0.9940476190476191,
    "recall": 1.0,
    "f1-score": 0.9970149253731343,
    "support": 167,
    "confused_with": {}
  },
  "object_part_of_series_type": {
    "precision": 1.0,
    "recall": 0.9896193771626297,
    "f1-score": 0.994782608695652,
    "support": 289,
    "confused_with": {
      "object_type": 3
    }
  },
  "timer__attributes": {
    "precision": 0.0,
    "recall": 0.0,
    "f1-score": 0.0,
    "support": 1,
    "confused_with": {}
  },
  "party_size_description": {
    "precision": 0.9983333333333333,
    "recall": 0.9975020815986678,
    "f1-score": 0.997917534360683,
    "support": 1201,
    "confused_with": {
      "location": 3
    }
  },
  "weather__temperatureUnit": {
    "precision": 0.9990825688073395,
    "recall": 0.9990825688073395,
    "f1-score": 0.9990825688073395,
    "support": 1090,
    "confused_with": {}
  },
  "restaurant_type": {
    "precision": 0.9868147120055517,
    "recall": 0.9951014695591323,
    "f1-score": 0.9909407665505227,
    "support": 1429,
    "confused_with": {}
  },
  "micro avg": {
    "precision": 0.9816517308301954,
    "recall": 0.9862960488494585,
    "f1-score": 0.9839684095902781,
    "support": 128722
  },
  "macro avg": {
    "precision": 0.8614744156962362,
    "recall": 0.8621908099906804,
    "f1-score": 0.861613615188855,
    "support": 128722
  },
  "weighted avg": {
    "precision": 0.981749344660096,
    "recall": 0.9862960488494585,