{
    "epoch": "20/20",
    "best_epoch": 19,
    "max_gpu_mem": "2.7051",
    "cur_ram": "1.4436",
    "time_epoch": "0:15:18",
    "time_total": "4:49:01",
    "best_train_intent_loss": 0.1566864399831222,
    "best_train_slots_loss": 1.0631123646930023,
    "train_intent_loss": 0.11812866273747649,
    "train_slots_loss": 0.8076209520900642,
    "best_train_sum": 1.9962418037181293,
    "train_sum": 1.9962418037181293,
    "best_dev_intent_loss": 0.3372550546438462,
    "best_dev_slots_loss": 7.896272352467412,
    "dev_intent_loss": 0.32673218587224256,
    "dev_slots_loss": 7.948286529209303,
    "best_dev_sum": 1.987440068630982,
    "dev_sum": 1.9868815345568236,
    "best_train_intent_accuracy": 0.998239398819109,
    "best_train_slots_precision": 0.9960348929421095,
    "best_train_slots_recall": 0.9966897927719585,
    "best_train_slots_span_f1": 0.9963622352421211,
    "train_intent_accuracy": 0.9987976382179281,
    "train_slots_precision": 0.9972463653155348,
    "train_slots_recall": 0.9976420441663266,
    "train_slots_span_f1": 0.9974441655002012,
    "best_dev_intent_accuracy": 0.9980716253443526,
    "best_dev_slots_precision": 0.9879077615298087,
    "best_dev_slots_recall": 0.9908334508531942,
    "best_dev_slots_span_f1": 0.9893684432866295,
    "dev_intent_accuracy": 0.9980716253443526,
    "dev_slots_precision": 0.9869345321719584,
    "dev_slots_recall": 0.9906924270201664,
    "dev_slots_span_f1": 0.9888099092124709
}