{
    "epoch": "20/20",
    "best_epoch": 9,
    "max_gpu_mem": "3.9616",
    "cur_ram": "1.1173",
    "time_epoch": "0:01:21",
    "time_total": "0:34:37",
    "best_train_intent_loss": 0.3642479033477139,
    "best_train_slots_loss": 16.086925191879274,
    "train_intent_loss": 0.056149722241002564,
    "train_slots_loss": 1.9340368270874024,
    "best_train_sum": 1.9905365269377677,
    "train_sum": 1.9905365269377677,
    "best_dev_intent_loss": 1.2193981020294207,
    "best_dev_slots_loss": 38.21525923411051,
    "dev_intent_loss": 2.2322484088766523,
    "dev_slots_loss": 54.61005846659342,
    "best_dev_sum": 1.9437874182555035,
    "dev_sum": 1.9335879806468041,
    "best_train_intent_accuracy": 0.9962962962962963,
    "best_train_slots_precision": 0.952413557001027,
    "best_train_slots_recall": 0.9601380500431407,
    "best_train_slots_span_f1": 0.9562602045200653,
    "train_intent_accuracy": 0.9993265993265993,
    "train_slots_precision": 0.9900154932002065,
    "train_slots_recall": 0.9924072476272648,
    "train_slots_span_f1": 0.9912099276111684,
    "best_dev_intent_accuracy": 0.9939393939393939,
    "best_dev_slots_precision": 0.9356287425149701,
    "best_dev_slots_recall": 0.9645061728395061,
    "best_dev_slots_span_f1": 0.9498480243161095,
    "dev_intent_accuracy": 0.9939393939393939,
    "dev_slots_precision": 0.9304084720121029,
    "dev_slots_recall": 0.9490740740740741,
    "dev_slots_span_f1": 0.9396485867074102
}