{
  "party_size_number": {
    "precision": 0.4485981308411215,
    "recall": 0.35555555555555557,
    "f1-score": 0.39669421487603307,
    "support": 135,
    "confused_with": {
      "datetime": 39
    }
  },
  "recurring_datetime": {
    "precision": 0.0,
    "recall": 0.0,
    "f1-score": 0.0,
    "support": 327,
    "confused_with": {
      "datetime": 50,
      "weather__attribute": 2
    }
  },
  "refe": {
    "precision": 0.0,
    "recall": 0.0,
    "f1-score": 0.0,
    "support": 1,
    "confused_with": {}
  },
  "location": {
    "precision": 0.3282975014526438,
    "recall": 0.509927797833935,
    "f1-score": 0.39943442912689997,
    "support": 1108,
    "confused_with": {
      "object_name": 45
    }
  },
  "track": {
    "precision": 0.0,
    "recall": 0.0,
    "f1-score": 0.0,
    "support": 10,
    "confused_with": {
      "artist": 1,
      "location": 1
    }
  },
  "music_item": {
    "precision": 0.4397163120567376,
    "recall": 0.29107981220657275,
    "f1-score": 0.3502824858757062,
    "support": 213,
    "confused_with": {
      "entity_name": 23
    }
  },
  "sort": {
    "precision": 0.4642857142857143,
    "recall": 0.0896551724137931,
    "f1-score": 0.15028901734104047,
    "support": 145,
    "confused_with": {
      "datetime": 19
    }
  },
  "movie_type": {
    "precision": 0.5263157894736842,
    "recall": 0.1111111111111111,
    "f1-score": 0.1834862385321101,
    "support": 90,
    "confused_with": {
      "location": 28
    }
  },
  "genre": {
    "precision": 0.0,
    "recall": 0.0,
    "f1-score": 0.0,
    "support": 10,
    "confused_with": {}
  },
  "object_type": {
    "precision": 0.5151515151515151,
    "recall": 0.19941348973607037,
    "f1-score": 0.28752642706131076,
    "support": 341,
    "confused_with": {
      "object_name": 48
    }
  },
  "playlist": {
    "precision": 0.6021505376344086,
    "recall": 0.42813455657492355,
    "f1-score": 0.5004468275245755,
    "support": 654,
    "confused_with": {
      "object_name": 53
    }
  },
  "facility": {
    "precision": 1.0,
    "recall": 0.07692307692307693,
    "f1-score": 0.14285714285714288,
    "support": 13,
    "confused_with": {
      "location": 6,
      "restaurant_type": 3
    }
  },
  "artist": {
    "precision": 0.4573502722323049,
    "recall": 0.5502183406113537,
    "f1-score": 0.49950445986124875,
    "support": 458,
    "confused_with": {
      "location": 67,
      "entity_name": 41
    }
  },
  "served_dish": {
    "precision": 0.2857142857142857,
    "recall": 0.5531914893617021,
    "f1-score": 0.37681159420289856,
    "support": 47,
    "confused_with": {
      "service": 7
    }
  },
  "restaurant_type": {
    "precision": 0.6682464454976303,
    "recall": 0.834319526627219,
    "f1-score": 0.7421052631578947,
    "support": 169,
    "confused_with": {
      "datetime": 4
    }
  },
  "party_size_description": {
    "precision": 0.336996336996337,
    "recall": 0.44019138755980863,
    "f1-score": 0.3817427385892117,
    "support": 209,
    "confused_with": {
      "location": 20
    }
  },
  "weather__attribute": {
    "precision": 0.44285714285714284,
    "recall": 0.06739130434782609,
    "f1-score": 0.11698113207547171,
    "support": 460,
    "confused_with": {
      "entity_name": 50
    }
  },
  "rating_value": {
    "precision": 0.543859649122807,
    "recall": 0.1987179487179487,
    "f1-score": 0.29107981220657275,
    "support": 156,
    "confused_with": {
      "datetime": 20
    }
  },
  "condition_description": {
    "precision": 0.25,
    "recall": 0.030612244897959183,
    "f1-score": 0.05454545454545455,
    "support": 98,
    "confused_with": {
      "location": 19,
      "weather__attribute": 8
    }
  },
  "movie_name": {
    "precision": 0.17480314960629922,
    "recall": 0.3724832214765101,
    "f1-score": 0.2379421221864952,
    "support": 298,
    "confused_with": {
      "object_name": 86,
      "entity_name": 36
    }
  },
  "condition_temperature": {
    "precision": 0.0,
    "recall": 0.0,
    "f1-score": 0.0,
    "support": 44,
    "confused_with": {
      "entity_name": 6
    }
  },
  "service": {
    "precision": 0.8823529411764706,
    "recall": 0.7342657342657343,
    "f1-score": 0.8015267175572519,
    "support": 143,
    "confused_with": {
      "location": 13,
      "sort": 10
    }
  },
  "entity_name": {
    "precision": 0.014404852160727824,
    "recall": 0.17272727272727273,
    "f1-score": 0.026592022393282018,
    "support": 110,
    "confused_with": {
      "object_name": 36
    }
  },
  "reminder__todo": {
    "precision": 0.0,
    "recall": 0.0,
    "f1-score": 0.0,
    "support": 544,
    "confused_with": {
      "location": 34,
      "entity_name": 26
    }
  },
  "album": {
    "precision": 0.0,
    "recall": 0.0,
    "f1-score": 0.0,
    "support": 28,
    "confused_with": {
      "location": 14,
      "track": 8,
      "object_name": 6
    }
  },
  "datetime": {
    "precision": 0.5342995169082125,
    "recall": 0.190492593868412,
    "f1-score": 0.2808532249873032,
    "support": 2903,
    "confused_with": {
      "location": 173
    }
  },
  "cuisine": {
    "precision": 0.0,
    "recall": 0.0,
    "f1-score": 0.0,
    "support": 19,
    "confused_with": {
      "location": 17,
      "served_dish": 2
    }
  },
  "object_location_type": {
    "precision": 1.0,
    "recall": 0.0625,
    "f1-score": 0.11764705882352941,
    "support": 64,
    "confused_with": {
      "entity_name": 11,
      "object_name": 6
    }
  },
  "rating_unit": {
    "precision": 0.0,
    "recall": 0.0,
    "f1-score": 0.0,
    "support": 124,
    "confused_with": {
      "datetime": 21,
      "object_name": 18
    }
  },
  "restaurant": {
    "precision": 0.0,
    "recall": 0.0,
    "f1-score": 0.0,
    "support": 1,
    "confused_with": {
      "restaurant_type": 1
    }
  },
  "object_select": {
    "precision": 0.0,
    "recall": 0.0,
    "f1-score": 0.0,
    "support": 96,
    "confused_with": {
      "location": 11,
      "entity_name": 10
    }
  },
  "restaurant_name": {
    "precision": 0.2782608695652174,
    "recall": 0.4266666666666667,
    "f1-score": 0.3368421052631579,
    "support": 75,
    "confused_with": {
      "location": 13
    }
  },
  "object_name": {
    "precision": 0.48177601060304837,
    "recall": 0.6639269406392694,
    "f1-score": 0.5583717357910906,
    "support": 1095,
    "confused_with": {
      "movie_name": 133,
      "entity_name": 69
    }
  },
  "reference": {
    "precision": 0.55,
    "recall": 0.03206997084548105,
    "f1-score": 0.06060606060606061,
    "support": 343,
    "confused_with": {
      "location": 26,
      "entity_name": 12
    }
  },
  "best_rating": {
    "precision": 0.46,
    "recall": 0.4339622641509434,
    "f1-score": 0.44660194174757284,
    "support": 106,
    "confused_with": {
      "datetime": 23
    }
  },
  "micro avg": {
    "precision": 0.3595593144892054,
    "recall": 0.30375105762903076,
    "f1-score": 0.3293074453447485,
    "support": 10637
  },
  "macro avg": {
    "precision": 0.33386962780960894,
    "recall": 0.22358678511768987,
    "f1-score": 0.2211648636339804,
    "support": 10637
  },
  "weighted avg": {
    "precision": 0.42448080565717805,
    "recall": 0.30375105762903076,
    "f1-score": 0.3110455610243063,
    "support": 10637
  },
  "accuracy": 0.5311724075662498
}