{
    "epoch": "20/20",
    "best_epoch": 4,
    "max_gpu_mem": "7.2491",
    "cur_ram": "1.4976",
    "time_epoch": "0:06:02",
    "time_total": "2:15:40",
    "best_train_intent_loss": 5.360389164370373,
    "best_train_slots_loss": 137.95514268329765,
    "train_intent_loss": 0.30441023672227113,
    "train_slots_loss": 18.8349596625549,
    "best_train_sum": 1.9205182143372106,
    "train_sum": 1.9205182143372106,
    "best_dev_intent_loss": 2.565388733986765,
    "best_dev_slots_loss": 192.31487988508664,
    "dev_intent_loss": 3.030129540312023,
    "dev_slots_loss": 393.85227650862475,
    "best_dev_sum": 1.5511399798177217,
    "dev_sum": 1.5364756748627717,
    "best_train_intent_accuracy": 0.9560600848526545,
    "best_train_slots_precision": 0.6325078143784564,
    "best_train_slots_recall": 0.6306880843922321,
    "best_train_slots_span_f1": 0.6315966386554621,
    "train_intent_accuracy": 0.9965141612200435,
    "train_slots_precision": 0.9136151114965022,
    "train_slots_recall": 0.9346319827379526,
    "train_slots_span_f1": 0.9240040531171672,
    "best_dev_intent_accuracy": 0.9787878787878788,
    "best_dev_slots_precision": 0.5549562682215743,
    "best_dev_slots_recall": 0.5908738165450876,
    "best_dev_slots_span_f1": 0.5723521010298429,
    "dev_intent_accuracy": 0.9857575757575757,
    "dev_slots_precision": 0.5341306884480747,
    "dev_slots_recall": 0.5683687723110352,
    "dev_slots_span_f1": 0.5507180991051959
}