{
    "epoch": "20/20",
    "best_epoch": 14,
    "max_gpu_mem": "7.2481",
    "cur_ram": "1.5296",
    "time_epoch": "0:33:27",
    "time_total": "11:12:11",
    "best_train_intent_loss": 0.612974008386446,
    "best_train_slots_loss": 35.54896939360152,
    "train_intent_loss": 0.327264982659861,
    "train_slots_loss": 18.55505223393091,
    "best_train_sum": 1.9215086309771006,
    "train_sum": 1.9215086309771006,
    "best_dev_intent_loss": 1.448968078562757,
    "best_dev_slots_loss": 302.14039079959576,
    "dev_intent_loss": 1.4580833240471782,
    "dev_slots_loss": 401.0584763242648,
    "best_dev_sum": 1.5489820359281437,
    "dev_sum": 1.5367582910068718,
    "best_train_intent_accuracy": 0.9937163169361312,
    "best_train_slots_precision": 0.8606707569363171,
    "best_train_slots_recall": 0.8727523375689283,
    "best_train_slots_span_f1": 0.866669444262578,
    "train_intent_accuracy": 0.9963536291709666,
    "train_slots_precision": 0.9141710259921123,
    "train_slots_recall": 0.9364061376168784,
    "train_slots_span_f1": 0.9251550018061339,
    "best_dev_intent_accuracy": 0.99,
    "best_dev_slots_precision": 0.5398294058117681,
    "best_dev_slots_recall": 0.5795436908272544,
    "best_dev_slots_span_f1": 0.5589820359281437,
    "dev_intent_accuracy": 0.99,
    "dev_slots_precision": 0.5269978401727862,
    "dev_slots_recall": 0.5680583579078069,
    "dev_slots_span_f1": 0.5467582910068719
}