{
    "epoch": "20/20",
    "best_epoch": 4,
    "max_gpu_mem": "3.5602",
    "cur_ram": "1.3593",
    "time_epoch": "0:11:51",
    "time_total": "6:14:05",
    "best_train_intent_loss": 2.879563793134425,
    "best_train_slots_loss": 118.64633632876595,
    "train_intent_loss": 0.17220869463942928,
    "train_slots_loss": 9.248174439305844,
    "best_train_sum": 1.9490262887511873,
    "train_sum": 1.9490262887511873,
    "best_dev_intent_loss": 1.772300978249929,
    "best_dev_slots_loss": 186.17187204017296,
    "dev_intent_loss": 3.2595296660998745,
    "dev_slots_loss": 772.7160729330939,
    "best_dev_sum": 1.5428821671425221,
    "dev_sum": 1.5237260218941449,
    "best_train_intent_accuracy": 0.9729388831556014,
    "best_train_slots_precision": 0.650978312116926,
    "best_train_slots_recall": 0.66205945816351,
    "best_train_slots_span_f1": 0.656472126470938,
    "train_intent_accuracy": 0.9977984176126591,
    "train_slots_precision": 0.9379486342873123,
    "train_slots_recall": 0.9648885159434188,
    "train_slots_span_f1": 0.9512278711385284,
    "best_dev_intent_accuracy": 0.9848484848484849,
    "best_dev_slots_precision": 0.5456973293768546,
    "best_dev_slots_recall": 0.5709407016454517,
    "best_dev_slots_span_f1": 0.5580336822940374,
    "dev_intent_accuracy": 0.9866666666666667,
    "dev_slots_precision": 0.5216564237635353,
    "dev_slots_recall": 0.553399565352375,
    "dev_slots_span_f1": 0.5370593552274782
}