{
    "epoch": "20/20",
    "best_epoch": 6,
    "max_gpu_mem": "3.5801",
    "cur_ram": "1.3719",
    "time_epoch": "0:26:22",
    "time_total": "10:42:29",
    "best_train_intent_loss": 1.9393684068690922,
    "best_train_slots_loss": 86.04488514632915,
    "train_intent_loss": 0.04558569212736032,
    "train_slots_loss": 3.556302263992468,
    "best_train_sum": 1.9698631082681297,
    "train_sum": 1.9698631082681297,
    "best_dev_intent_loss": 1.2903330470949226,
    "best_dev_slots_loss": 225.44259554201417,
    "dev_intent_loss": 3.3452223178240352,
    "dev_slots_loss": 866.7526854695501,
    "best_dev_sum": 1.555848992720501,
    "dev_sum": 1.527782641705597,
    "best_train_intent_accuracy": 0.9811489508083935,
    "best_train_slots_precision": 0.7210257509196757,
    "best_train_slots_recall": 0.726012946535603,
    "best_train_slots_span_f1": 0.723510754582868,
    "train_intent_accuracy": 0.9992890723540878,
    "train_slots_precision": 0.9536734930001157,
    "train_slots_recall": 0.9880843922320787,
    "train_slots_span_f1": 0.9705740359140418,
    "best_dev_intent_accuracy": 0.9878787878787879,
    "best_dev_slots_precision": 0.5678820791311094,
    "best_dev_slots_recall": 0.5680583579078069,
    "best_dev_slots_span_f1": 0.5679702048417132,
    "dev_intent_accuracy": 0.9863636363636363,
    "dev_slots_precision": 0.5254088785046729,
    "dev_slots_recall": 0.5584355114077293,
    "dev_slots_span_f1": 0.5414190053419607
}