{
    "epoch": "20/20",
    "best_epoch": 20,
    "max_gpu_mem": "3.3287",
    "cur_ram": "1.4557",
    "time_epoch": "0:28:34",
    "time_total": "8:54:36",
    "best_train_dependency_loss": 0.08546089071718428,
    "best_train_intent_loss": 0.1257949618412177,
    "best_train_slots_loss": 0.7364774384097084,
    "train_dependency_loss": 0.08546089071718428,
    "train_intent_loss": 0.1257949618412177,
    "train_slots_loss": 0.7364774384097084,
    "best_train_sum": 2.429779341343141,
    "train_sum": 2.429779341343141,
    "best_dev_dependency_loss": 0.2907286927348614,
    "best_dev_intent_loss": 7.1327099873238184,
    "best_dev_slots_loss": 120.37575285339355,
    "dev_dependency_loss": 0.2907286927348614,
    "dev_intent_loss": 7.1327099873238184,
    "dev_slots_loss": 120.37575285339355,
    "best_dev_sum": 2.23050812375271,
    "dev_sum": 2.23050812375271,
    "best_train_dependency_las": 0.43395115055367944,
    "best_train_intent_accuracy": 0.998624011007912,
    "best_train_slots_precision": 0.9968716655349694,
    "best_train_slots_recall": 0.9975369159275392,
    "best_train_slots_span_f1": 0.99720417978155,
    "train_dependency_las": 0.43395115055367944,
    "train_intent_accuracy": 0.998624011007912,
    "train_slots_precision": 0.9968716655349694,
    "train_slots_recall": 0.9975369159275392,
    "train_slots_span_f1": 0.99720417978155,
    "best_dev_dependency_las": 0.47419439350275083,
    "best_dev_intent_accuracy": 0.9354545454545454,
    "best_dev_slots_precision": 0.8308426073131956,
    "best_dev_slots_recall": 0.8111128356355735,
    "best_dev_slots_span_f1": 0.8208591847954134,
    "dev_dependency_las": 0.47419439350275083,
    "dev_intent_accuracy": 0.9354545454545454,
    "dev_slots_precision": 0.8308426073131956,
    "dev_slots_recall": 0.8111128356355735,
    "dev_slots_span_f1": 0.8208591847954134
}