{
    "epoch": "20/20",
    "best_epoch": 10,
    "max_gpu_mem": "12.3869",
    "cur_ram": "1.5402",
    "time_epoch": "0:28:48",
    "time_total": "10:00:48",
    "best_train_intent_loss": 1.1062082976283854,
    "best_train_slots_loss": 58.26880665293886,
    "train_intent_loss": 0.3676909542982178,
    "train_slots_loss": 20.822715665587932,
    "best_train_sum": 1.9117252968214316,
    "train_sum": 1.9117252968214316,
    "best_dev_intent_loss": 2.48517202295345,
    "best_dev_slots_loss": 244.17248900578574,
    "dev_intent_loss": 3.0065075288920733,
    "dev_slots_loss": 375.41029808154474,
    "best_dev_sum": 1.538613406795225,
    "dev_sum": 1.530087799800019,
    "best_train_intent_accuracy": 0.9896800825593395,
    "best_train_slots_precision": 0.8016212268160974,
    "best_train_slots_recall": 0.8025533445216975,
    "best_train_slots_span_f1": 0.802087014861894,
    "train_intent_accuracy": 0.9959637656232083,
    "train_slots_precision": 0.9074037024396558,
    "train_slots_recall": 0.9242747542555741,
    "train_slots_span_f1": 0.9157615311982232,
    "best_dev_intent_accuracy": 0.9803030303030303,
    "best_dev_slots_precision": 0.5506415094339623,
    "best_dev_slots_recall": 0.5661958714884371,
    "best_dev_slots_span_f1": 0.5583103764921947,
    "dev_intent_accuracy": 0.9781818181818182,
    "dev_slots_precision": 0.5362318840579711,
    "dev_slots_recall": 0.5685239795126494,
    "dev_slots_span_f1": 0.551905981618201
}