{
    "epoch": "20/20",
    "best_epoch": 18,
    "max_gpu_mem": "4.3876",
    "cur_ram": "1.4502",
    "time_epoch": "0:24:56",
    "time_total": "8:43:17",
    "best_train_intent_loss": 0.1893019341843916,
    "best_train_slots_loss": 1.2551992028754857,
    "train_intent_loss": 0.12696394500783015,
    "train_slots_loss": 0.8353028594791583,
    "best_train_sum": 1.9958664096908703,
    "train_sum": 1.9958664096908703,
    "best_dev_intent_loss": 5.89080253534873,
    "best_dev_slots_loss": 148.88799735215994,
    "dev_intent_loss": 6.995182108464751,
    "dev_slots_loss": 169.09846326021048,
    "best_dev_sum": 1.7849985544955191,
    "dev_sum": 1.7708185716141887,
    "best_train_intent_accuracy": 0.9978901502121317,
    "best_train_slots_precision": 0.9956833834513532,
    "best_train_slots_recall": 0.9963478408580754,
    "best_train_slots_span_f1": 0.9960155013372631,
    "train_intent_accuracy": 0.9986928104575163,
    "train_slots_precision": 0.9969317341159635,
    "train_slots_recall": 0.9974155817367776,
    "train_slots_span_f1": 0.9971735992333539,
    "best_dev_intent_accuracy": 0.9687878787878788,
    "best_dev_slots_precision": 0.8294871794871795,
    "best_dev_slots_recall": 0.8033524755548658,
    "best_dev_slots_span_f1": 0.8162106757076403,
    "dev_intent_accuracy": 0.9609090909090909,
    "dev_slots_precision": 0.8291334742318323,
    "dev_slots_recall": 0.7915567282321899,
    "dev_slots_span_f1": 0.8099094807050977
}