{
    "epoch": "20/20",
    "best_epoch": 3,
    "max_gpu_mem": "3.5744",
    "cur_ram": "1.3716",
    "time_epoch": "0:24:57",
    "time_total": "11:00:09",
    "best_train_intent_loss": 5.325611541968631,
    "best_train_slots_loss": 168.04752671378,
    "train_intent_loss": 0.11973047161916361,
    "train_slots_loss": 6.173357287682722,
    "best_train_sum": 1.959878005075123,
    "train_sum": 1.959878005075123,
    "best_dev_intent_loss": 1.7456331140034504,
    "best_dev_slots_loss": 186.34505756051692,
    "dev_intent_loss": 2.496592800879461,
    "dev_slots_loss": 860.2616661432627,
    "best_dev_sum": 1.5576333918681615,
    "dev_sum": 1.5284788986684723,
    "best_train_intent_accuracy": 0.9495012039903681,
    "best_train_slots_precision": 0.5376428162965211,
    "best_train_slots_recall": 0.5522536561975545,
    "best_train_slots_span_f1": 0.5448503018798748,
    "train_intent_accuracy": 0.9983946795092306,
    "train_slots_precision": 0.9465681662426967,
    "train_slots_recall": 0.9768760489091345,
    "train_slots_span_f1": 0.9614833255658924,
    "best_dev_intent_accuracy": 0.9836363636363636,
    "best_dev_slots_precision": 0.5505201653128118,
    "best_dev_slots_recall": 0.5995654198354804,
    "best_dev_slots_span_f1": 0.573997028231798,
    "dev_intent_accuracy": 0.99,
    "dev_slots_precision": 0.5224817518248175,
    "dev_slots_recall": 0.5554865745770604,
    "dev_slots_span_f1": 0.5384788986684722
}