{
    "epoch": "20/20",
    "best_epoch": 19,
    "max_gpu_mem": "3.3319",
    "cur_ram": "1.4034",
    "time_epoch": "0:33:48",
    "time_total": "11:23:45",
    "best_train_dependency_loss": 0.10191727823657173,
    "best_train_intent_loss": 0.33781146404303275,
    "best_train_slots_loss": 17.661359347978564,
    "train_dependency_loss": 0.10040924599261625,
    "train_intent_loss": 0.29651839036405625,
    "train_slots_loss": 16.400607797945217,
    "best_train_sum": 2.2889622697504306,
    "train_sum": 2.2889622697504306,
    "best_dev_dependency_loss": 0.32549348795797234,
    "best_dev_intent_loss": 2.8452096232102484,
    "best_dev_slots_loss": 325.1440976448059,
    "dev_dependency_loss": 0.32452818415495494,
    "dev_intent_loss": 2.9822874936910813,
    "dev_slots_loss": 339.59098653030395,
    "best_dev_sum": 1.9442648320031224,
    "dev_sum": 1.9403673084780992,
    "best_train_dependency_las": 0.3585957747585015,
    "best_train_intent_accuracy": 0.9960325650728128,
    "best_train_slots_precision": 0.9151646548693309,
    "best_train_slots_recall": 0.9361184368257013,
    "best_train_slots_span_f1": 0.9255229629629631,
    "train_dependency_las": 0.3632686719547632,
    "train_intent_accuracy": 0.9962848297213622,
    "train_slots_precision": 0.918650538075108,
    "train_slots_recall": 0.9404219611603932,
    "train_slots_span_f1": 0.9294087680743053,
    "best_dev_dependency_las": 0.41852239979041134,
    "best_dev_intent_accuracy": 0.9818181818181818,
    "best_dev_slots_precision": 0.5272435897435898,
    "best_dev_slots_recall": 0.5616948626416266,
    "best_dev_slots_span_f1": 0.5439242503945292,
    "dev_dependency_las": 0.41983232905423107,
    "dev_intent_accuracy": 0.9815151515151516,
    "dev_slots_precision": 0.5203698353077145,
    "dev_slots_recall": 0.5590563402141859,
    "dev_slots_span_f1": 0.5390198279087168
}