{
    "epoch": "20/20",
    "best_epoch": 13,
    "max_gpu_mem": "2.7091",
    "cur_ram": "1.4077",
    "time_epoch": "0:17:53",
    "time_total": "5:50:13",
    "best_train_dialect_loss": 1.0912041801672716,
    "best_train_intent_loss": 0.6540618998696628,
    "best_train_slots_loss": 34.12776471821817,
    "train_dialect_loss": 0.6598007852559561,
    "train_intent_loss": 0.267653240542571,
    "train_slots_loss": 15.91239593546469,
    "best_train_sum": 2.7957480331345677,
    "train_sum": 2.7957480331345677,
    "best_dev_dialect_loss": 1.4867804693139117,
    "best_dev_intent_loss": 12.022824146436609,
    "best_dev_slots_loss": 268.49245785008304,
    "dev_dialect_loss": 1.5930729658707328,
    "dev_intent_loss": 17.93848316980445,
    "dev_slots_loss": 352.6424747384113,
    "best_dev_sum": 2.2101590159015903,
    "dev_sum": 2.1445891051513124,
    "best_train_dialect_accuracy": 0.7844392051195689,
    "best_train_intent_accuracy": 0.9930283224400871,
    "best_train_slots_precision": 0.8583232995726798,
    "best_train_slots_recall": 0.8716374970031168,
    "best_train_slots_span_f1": 0.8649291636432844,
    "train_dialect_accuracy": 0.8686426406197373,
    "train_intent_accuracy": 0.9972250888659557,
    "train_slots_precision": 0.9180871820635347,
    "train_slots_recall": 0.9419803404459363,
    "train_slots_span_f1": 0.9298803036488749,
    "best_dev_dialect_accuracy": 0.7818181818181819,
    "best_dev_intent_accuracy": 0.8987878787878788,
    "best_dev_slots_precision": 0.5124110901437073,
    "best_dev_slots_recall": 0.5478814216979668,
    "best_dev_slots_span_f1": 0.5295529552955296,
    "dev_dialect_accuracy": 0.7606060606060606,
    "dev_intent_accuracy": 0.86,
    "dev_slots_precision": 0.5029982866933181,
    "dev_slots_recall": 0.5467949712866677,
    "dev_slots_span_f1": 0.5239830445452518
}