{
  "SearchScreeningEvent": {
    "precision": 0.9732142857142857,
    "recall": 0.9159663865546218,
    "f1-score": 0.9437229437229437,
    "support": 238,
    "confused_with": {
      "SearchCreativeWork": 19,
      "weather__find": 1
    }
  },
  "AddToPlaylist": {
    "precision": 0.9854368932038835,
    "recall": 0.9759615384615384,
    "f1-score": 0.9806763285024154,
    "support": 208,
    "confused_with": {
      "weather__find": 2,
      "SearchCreativeWork": 1
    }
  },
  "alarm__cancel_alarm": {
    "precision": 0.8898305084745762,
    "recall": 0.7835820895522388,
    "f1-score": 0.8333333333333334,
    "support": 134,
    "confused_with": {
      "alarm__show_alarms": 24,
      "alarm__set_alarm": 4
    }
  },
  "alarm__modify_alarm": {
    "precision": 1.0,
    "recall": 0.9090909090909091,
    "f1-score": 0.9523809523809523,
    "support": 11,
    "confused_with": {
      "alarm__set_alarm": 1
    }
  },
  "alarm__show_alarms": {
    "precision": 0.6301369863013698,
    "recall": 1.0,
    "f1-score": 0.773109243697479,
    "support": 46,
    "confused_with": {}
  },
  "alarm__snooze_alarm": {
    "precision": 0.0,
    "recall": 0.0,
    "f1-score": 0.0,
    "support": 14,
    "confused_with": {
      "alarm__cancel_alarm": 12,
      "alarm__show_alarms": 1,
      "alarm__set_alarm": 1
    }
  },
  "alarm__set_alarm": {
    "precision": 0.966804979253112,
    "recall": 0.9914893617021276,
    "f1-score": 0.9789915966386555,
    "support": 235,
    "confused_with": {
      "reminder__set_reminder": 2
    }
  },
  "reminder__set_reminder": {
    "precision": 0.8404907975460123,
    "recall": 0.9927536231884058,
    "f1-score": 0.9102990033222592,
    "support": 138,
    "confused_with": {
      "alarm__set_alarm": 1
    }
  },
  "SearchCreativeWork": {
    "precision": 0.868020304568528,
    "recall": 0.9144385026737968,
    "f1-score": 0.8906250000000001,
    "support": 187,
    "confused_with": {
      "PlayMusic": 11,
      "SearchScreeningEvent": 3
    }
  },
  "reminder__show_reminders": {
    "precision": 0.8252427184466019,
    "recall": 0.8947368421052632,
    "f1-score": 0.8585858585858587,
    "support": 95,
    "confused_with": {
      "reminder__set_reminder": 9,
      "alarm__show_alarms": 1
    }
  },
  "BookRestaurant": {
    "precision": 0.9892857142857143,
    "recall": 0.9892857142857143,
    "f1-score": 0.9892857142857143,
    "support": 280,
    "confused_with": {
      "SearchCreativeWork": 2,
      "weather__find": 1
    }
  },
  "reminder__cancel_reminder": {
    "precision": 0.9841269841269841,
    "recall": 0.6888888888888889,
    "f1-score": 0.8104575163398694,
    "support": 90,
    "confused_with": {
      "reminder__show_reminders": 17,
      "reminder__set_reminder": 10
    }
  },
  "PlayMusic": {
    "precision": 0.9453781512605042,
    "recall": 0.9493670886075949,
    "f1-score": 0.9473684210526315,
    "support": 237,
    "confused_with": {
      "RateBook": 6,
      "SearchCreativeWork": 3
    }
  },
  "weather__find": {
    "precision": 0.9944827586206897,
    "recall": 0.9703903095558546,
    "f1-score": 0.9822888283378747,
    "support": 743,
    "confused_with": {
      "RateBook": 6,
      "reminder__set_reminder": 5
    }
  },
  "RateBook": {
    "precision": 0.9137931034482759,
    "recall": 1.0,
    "f1-score": 0.9549549549549551,
    "support": 159,
    "confused_with": {}
  },
  "accuracy": 0.9420959147424511,
  "macro avg": {
    "precision": 0.8537496123500359,
    "recall": 0.8650634169777969,
    "f1-score": 0.8537386463436628,
    "support": 2815
  },
  "weighted avg": {
    "precision": 0.9426444270721326,
    "recall": 0.9420959147424511,
    "f1-score": 0.9400480881259884,
    "support": 2815
  },
  "micro avg": {
    "precision": 0.9420959147424511,
    "recall": 0.9420959147424511,
    "f1-score": 0.9420959147424511,
    "support": 2815
  }
}