{
    "epoch": "20/20",
    "best_epoch": 4,
    "max_gpu_mem": "4.7412",
    "cur_ram": "1.4451",
    "time_epoch": "0:09:30",
    "time_total": "3:47:00",
    "best_train_intent_loss": 5.02606001353371,
    "best_train_slots_loss": 122.32987894140791,
    "train_intent_loss": 0.33653340005155247,
    "train_slots_loss": 17.990930791296506,
    "best_train_sum": 1.9218370867087997,
    "train_sum": 1.9218370867087997,
    "best_dev_intent_loss": 3.3403409281029153,
    "best_dev_slots_loss": 219.68984176562384,
    "dev_intent_loss": 4.26978928725965,
    "dev_slots_loss": 419.21037571705307,
    "best_dev_sum": 1.5226698320439878,
    "dev_sum": 1.5092259225922593,
    "best_train_intent_accuracy": 0.9604173833276001,
    "best_train_slots_precision": 0.6596047393024952,
    "best_train_slots_recall": 0.6613521937185327,
    "best_train_slots_span_f1": 0.6604773106829243,
    "train_intent_accuracy": 0.9965141612200435,
    "train_slots_precision": 0.9144532758963794,
    "train_slots_recall": 0.9364540877487413,
    "train_slots_span_f1": 0.9253229254887562,
    "best_dev_intent_accuracy": 0.9769696969696969,
    "best_dev_slots_precision": 0.5282580270231004,
    "best_dev_slots_recall": 0.5643333850690672,
    "best_dev_slots_span_f1": 0.5457001350742908,
    "dev_intent_accuracy": 0.9772727272727273,
    "dev_slots_precision": 0.5147336333284948,
    "dev_slots_recall": 0.5503647369237933,
    "dev_slots_span_f1": 0.531953195319532
}