{
    "epoch": "20/20",
    "best_epoch": 16,
    "max_gpu_mem": "4.0888",
    "cur_ram": "1.4360",
    "time_epoch": "0:29:23",
    "time_total": "6:47:21",
    "best_train_intent_loss": 0.28688504660166797,
    "best_train_slots_loss": 2.196219610100884,
    "train_intent_loss": 0.15686938985758053,
    "train_slots_loss": 0.7941609968267987,
    "best_train_sum": 1.9954543347465985,
    "train_sum": 1.9954543347465985,
    "best_dev_intent_loss": 5.864022973904587,
    "best_dev_slots_loss": 140.7265662413377,
    "dev_intent_loss": 5.528222497722743,
    "dev_slots_loss": 165.58407957278766,
    "best_dev_sum": 1.7929865290914302,
    "dev_sum": 1.7887462165723034,
    "best_train_intent_accuracy": 0.9972250888659557,
    "best_train_slots_precision": 0.9931511000666707,
    "best_train_slots_recall": 0.9940910249099094,
    "best_train_slots_span_f1": 0.9936208402056855,
    "train_intent_accuracy": 0.9981653480105492,
    "train_slots_precision": 0.9969927000218272,
    "train_slots_recall": 0.9975854496038439,
    "train_slots_span_f1": 0.9972889867360492,
    "best_dev_intent_accuracy": 0.963939393939394,
    "best_dev_slots_precision": 0.8351181102362205,
    "best_dev_slots_recall": 0.8230637901598634,
    "best_dev_slots_span_f1": 0.8290471351520363,
    "dev_intent_accuracy": 0.9624242424242424,
    "dev_slots_precision": 0.8342296741537488,
    "dev_slots_recall": 0.8185627813130529,
    "dev_slots_span_f1": 0.8263219741480611
}