{
    "epoch": "20/20",
    "best_epoch": 10,
    "max_gpu_mem": "6.7184",
    "cur_ram": "1.2280",
    "time_epoch": "0:02:14",
    "time_total": "0:33:47",
    "best_train_intent_loss": 1.1069784353497207,
    "best_train_slots_loss": 16.04372896686677,
    "train_intent_loss": 0.14708670292810727,
    "train_slots_loss": 3.1458417574564614,
    "best_train_sum": 1.9925144927473117,
    "train_sum": 1.9925144927473117,
    "best_dev_intent_loss": 1.1983268118717454,
    "best_dev_slots_loss": 25.16609746759588,
    "dev_intent_loss": 1.488793851130388,
    "dev_slots_loss": 29.986345984719016,
    "best_dev_sum": 1.9549187359439846,
    "dev_sum": 1.9519866860827957,
    "best_train_intent_accuracy": 0.9962962962962963,
    "best_train_slots_precision": 0.9607173356105893,
    "best_train_slots_recall": 0.9706643658326143,
    "best_train_slots_span_f1": 0.9656652360515021,
    "train_intent_accuracy": 0.9993265993265993,
    "train_slots_precision": 0.9925887624956912,
    "train_slots_recall": 0.9937877480586713,
    "train_slots_span_f1": 0.9931878934207123,
    "best_dev_intent_accuracy": 0.9939393939393939,
    "best_dev_slots_precision": 0.952959028831563,
    "best_dev_slots_recall": 0.9691358024691358,
    "best_dev_slots_span_f1": 0.9609793420045906,
    "dev_intent_accuracy": 0.9939393939393939,
    "dev_slots_precision": 0.947209653092006,
    "dev_slots_recall": 0.9691358024691358,
    "dev_slots_span_f1": 0.9580472921434019
}