{
    "epoch": "20/20",
    "best_epoch": 10,
    "max_gpu_mem": "7.2514",
    "cur_ram": "1.4910",
    "time_epoch": "0:32:27",
    "time_total": "11:16:15",
    "best_train_intent_loss": 1.3312038656000165,
    "best_train_slots_loss": 61.28956585895281,
    "train_intent_loss": 0.24969328936195642,
    "train_slots_loss": 17.757222026324342,
    "best_train_sum": 1.9272592289651858,
    "train_sum": 1.9272592289651858,
    "best_dev_intent_loss": 1.3079491943264236,
    "best_dev_slots_loss": 250.09710610829868,
    "dev_intent_loss": 1.4395186134422078,
    "dev_slots_loss": 398.38784923461765,
    "best_dev_sum": 1.556535908267954,
    "dev_sum": 1.5426749587891502,
    "best_train_intent_accuracy": 0.9884875587661965,
    "best_train_slots_precision": 0.7921747479596736,
    "best_train_slots_recall": 0.7912251258690961,
    "best_train_slots_span_f1": 0.7916996521530526,
    "train_intent_accuracy": 0.9975690861139778,
    "train_slots_precision": 0.9206365997860761,
    "train_slots_recall": 0.9389235195396788,
    "train_slots_span_f1": 0.9296901428512081,
    "best_dev_intent_accuracy": 0.99,
    "best_dev_slots_precision": 0.5511522090121825,
    "best_dev_slots_recall": 0.5828030420611516,
    "best_dev_slots_span_f1": 0.5665359082679541,
    "dev_intent_accuracy": 0.99,
    "dev_slots_precision": 0.5342604664638563,
    "dev_slots_recall": 0.5724041595530033,
    "dev_slots_span_f1": 0.5526749587891503
}