{
    "epoch": "20/20",
    "best_epoch": 9,
    "max_gpu_mem": "2.7047",
    "cur_ram": "1.4281",
    "time_epoch": "0:17:58",
    "time_total": "6:17:50",
    "best_train_dialect_loss": 1.5648408165344825,
    "best_train_intent_loss": 0.8824656934472771,
    "best_train_slots_loss": 9.138540612472283,
    "train_dialect_loss": 0.42673274907437,
    "train_intent_loss": 0.12152928662216639,
    "train_slots_loss": 0.7654714250302577,
    "best_train_sum": 2.907560878478051,
    "train_sum": 2.907560878478051,
    "best_dev_dialect_loss": 1.872952295386273,
    "best_dev_intent_loss": 15.729324653096821,
    "best_dev_slots_loss": 121.02471975658251,
    "dev_dialect_loss": 1.9683376830557118,
    "dev_intent_loss": 31.64114177952642,
    "dev_slots_loss": 169.00921262658161,
    "best_dev_sum": 2.3670932655143178,
    "dev_sum": 2.2503177044233724,
    "best_train_dialect_accuracy": 0.6786796901313573,
    "best_train_intent_accuracy": 0.9911707373007682,
    "best_train_slots_precision": 0.9735763263233,
    "best_train_slots_recall": 0.9768130361454554,
    "best_train_slots_span_f1": 0.9751919955423118,
    "train_dialect_accuracy": 0.9117547995958235,
    "train_intent_accuracy": 0.9985781447081756,
    "train_slots_precision": 0.9970767327333155,
    "train_slots_recall": 0.9973791814795491,
    "train_slots_span_f1": 0.9972279341740518,
    "best_dev_dialect_accuracy": 0.7272727272727273,
    "best_dev_intent_accuracy": 0.8639393939393939,
    "best_dev_slots_precision": 0.7903719207857027,
    "best_dev_slots_recall": 0.7619121527238863,
    "best_dev_slots_span_f1": 0.7758811443021969,
    "dev_dialect_accuracy": 0.7515151515151515,
    "dev_intent_accuracy": 0.7557575757575757,
    "dev_slots_precision": 0.7684908789386401,
    "dev_slots_recall": 0.7192301722799938,
    "dev_slots_span_f1": 0.7430449771506453
}