{
    "epoch": "20/20",
    "best_epoch": 19,
    "max_gpu_mem": "3.3473",
    "cur_ram": "1.4432",
    "time_epoch": "0:33:59",
    "time_total": "11:22:52",
    "best_train_dependency_loss": 0.1013660890916446,
    "best_train_intent_loss": 0.29086766699724564,
    "best_train_slots_loss": 17.844566623286894,
    "train_dependency_loss": 0.10125474031773261,
    "train_intent_loss": 0.2750928208205435,
    "train_slots_loss": 16.5861280234887,
    "best_train_sum": 2.283353943382018,
    "train_sum": 2.283353943382018,
    "best_dev_dependency_loss": 0.32838498126480864,
    "best_dev_intent_loss": 4.047455749912188,
    "best_dev_slots_loss": 324.9373472518921,
    "dev_dependency_loss": 0.32806728516287514,
    "dev_intent_loss": 4.347938794548332,
    "dev_slots_loss": 340.2632783279419,
    "best_dev_sum": 1.9310380657887158,
    "dev_sum": 1.9303368063212674,
    "best_train_dependency_las": 0.35800675410351057,
    "best_train_intent_accuracy": 0.9966746932691205,
    "best_train_slots_precision": 0.9108011980531636,
    "best_train_slots_recall": 0.9332054663150323,
    "best_train_slots_span_f1": 0.9218672287615755,
    "train_dependency_las": 0.358870651064164,
    "train_intent_accuracy": 0.9966288269693843,
    "train_slots_precision": 0.9168490409259541,
    "train_slots_recall": 0.9391273076000959,
    "train_slots_span_f1": 0.9278544653484696,
    "best_dev_dependency_las": 0.4126277181032224,
    "best_dev_intent_accuracy": 0.9745454545454545,
    "best_dev_slots_precision": 0.5244271508862949,
    "best_dev_slots_recall": 0.5647990066739097,
    "best_dev_slots_span_f1": 0.5438648931400389,
    "dev_dependency_las": 0.4166884988210637,
    "dev_intent_accuracy": 0.9736363636363636,
    "dev_slots_precision": 0.5202071048468287,
    "dev_slots_recall": 0.5613844482383983,
    "dev_slots_span_f1": 0.54001194386384
}