{
    "epoch": "20/20",
    "best_epoch": 15,
    "max_gpu_mem": "2.7038",
    "cur_ram": "1.4210",
    "time_epoch": "0:18:12",
    "time_total": "6:09:14",
    "best_train_intent_loss": 0.3056940323938158,
    "best_train_slots_loss": 2.736208896818882,
    "train_intent_loss": 0.12246890916931207,
    "train_slots_loss": 0.7135731913286014,
    "best_train_sum": 1.9964270414026264,
    "train_sum": 1.9964270414026264,
    "best_dev_intent_loss": 5.394261859951187,
    "best_dev_slots_loss": 142.0722827223631,
    "dev_intent_loss": 6.886466168590022,
    "dev_slots_loss": 161.75362673631082,
    "best_dev_sum": 1.7747360650211974,
    "dev_sum": 1.7587312483018005,
    "best_train_intent_accuracy": 0.9969728242174063,
    "best_train_slots_precision": 0.9914079352383722,
    "best_train_slots_recall": 0.9926228812016938,
    "best_train_slots_span_f1": 0.9920150362263922,
    "train_intent_accuracy": 0.9988533425065933,
    "train_slots_precision": 0.997416396783232,
    "train_slots_recall": 0.9977310506327578,
    "train_slots_span_f1": 0.997573698896033,
    "best_dev_intent_accuracy": 0.9578787878787879,
    "best_dev_slots_precision": 0.8244781783681214,
    "best_dev_slots_recall": 0.8093759701955914,
    "best_dev_slots_span_f1": 0.8168572771424095,
    "dev_intent_accuracy": 0.9454545454545454,
    "dev_slots_precision": 0.8242984693877551,
    "dev_slots_recall": 0.8025457932319155,
    "dev_slots_span_f1": 0.813276702847255
}