{
    "epoch": "20/20",
    "best_epoch": 17,
    "max_gpu_mem": "7.0684",
    "cur_ram": "1.4584",
    "time_epoch": "0:33:05",
    "time_total": "10:52:13",
    "best_train_ner_loss": 0.16917606266282445,
    "train_ner_loss": 0.026460149305329906,
    "best_train_sum": 0.9997180960641874,
    "train_sum": 0.9997180960641874,
    "best_dev_ner_loss": 15.159234541880933,
    "dev_ner_loss": 17.883682987357997,
    "best_dev_sum": 0.9323589394969408,
    "dev_sum": 0.9297977222505523,
    "best_train_ner_precision": 0.9981351374793997,
    "best_train_ner_recall": 0.9981784273756343,
    "best_train_ner_span_f1": 0.998156781958148,
    "train_ner_precision": 0.9996964177292046,
    "train_ner_recall": 0.9997397753393763,
    "train_ner_span_f1": 0.9997180960641874,
    "best_dev_ner_precision": 0.9323589394969408,
    "best_dev_ner_recall": 0.9323589394969408,
    "best_dev_ner_span_f1": 0.9323589394969408,
    "dev_ner_precision": 0.9299557973478408,
    "dev_ner_recall": 0.9296397008837526,
    "dev_ner_span_f1": 0.9297977222505523
}