{
    "epoch": "20/20",
    "best_epoch": 20,
    "max_gpu_mem": "3.1445",
    "cur_ram": "1.4343",
    "time_epoch": "0:19:09",
    "time_total": "10:49:39",
    "best_train_intent_loss": 0.12087000575854302,
    "best_train_slots_loss": 0.8109787180418488,
    "train_intent_loss": 0.12087000575854302,
    "train_slots_loss": 0.8109787180418488,
    "best_train_sum": 1.99591137262956,
    "train_sum": 1.99591137262956,
    "best_dev_intent_loss": 6.320085452330134,
    "best_dev_slots_loss": 178.95992384048608,
    "dev_intent_loss": 6.320085452330134,
    "dev_slots_loss": 178.95992384048608,
    "best_dev_sum": 1.7419890735174577,
    "dev_sum": 1.7419890735174577,
    "best_train_intent_accuracy": 0.9986469441577801,
    "best_train_slots_precision": 0.997076945468659,
    "best_train_slots_recall": 0.9974519819940061,
    "best_train_slots_span_f1": 0.9972644284717799,
    "train_intent_accuracy": 0.9986469441577801,
    "train_slots_precision": 0.997076945468659,
    "train_slots_recall": 0.9974519819940061,
    "train_slots_span_f1": 0.9972644284717799,
    "best_dev_intent_accuracy": 0.9593939393939394,
    "best_dev_slots_precision": 0.7863971164394296,
    "best_dev_slots_recall": 0.7788297376998293,
    "best_dev_slots_span_f1": 0.7825951341235184,
    "dev_intent_accuracy": 0.9593939393939394,
    "dev_slots_precision": 0.7863971164394296,
    "dev_slots_recall": 0.7788297376998293,
    "dev_slots_span_f1": 0.7825951341235184
}