{
    "epoch": "20/20",
    "best_epoch": 5,
    "max_gpu_mem": "7.2527",
    "cur_ram": "1.5075",
    "time_epoch": "0:31:44",
    "time_total": "11:15:47",
    "best_train_intent_loss": 4.796700516945062,
    "best_train_slots_loss": 124.88033447727081,
    "train_intent_loss": 0.26103967264346856,
    "train_slots_loss": 17.214837570344248,
    "best_train_sum": 1.9285693800420143,
    "train_sum": 1.9285693800420143,
    "best_dev_intent_loss": 2.2398304016006967,
    "best_dev_slots_loss": 205.7632629091923,
    "dev_intent_loss": 2.04752821077304,
    "dev_slots_loss": 420.08956216848816,
    "best_dev_sum": 1.5600086115481777,
    "dev_sum": 1.5433430442469063,
    "best_train_intent_accuracy": 0.9572755417956657,
    "best_train_slots_precision": 0.6499891364700771,
    "best_train_slots_recall": 0.6455166626708223,
    "best_train_slots_span_f1": 0.6477451794113048,
    "train_intent_accuracy": 0.9977984176126591,
    "train_slots_precision": 0.9200768311822164,
    "train_slots_recall": 0.9417166147206905,
    "train_slots_span_f1": 0.9307709624293551,
    "best_dev_intent_accuracy": 0.983030303030303,
    "best_dev_slots_precision": 0.5623158515026517,
    "best_dev_slots_recall": 0.5924258885612292,
    "best_dev_slots_span_f1": 0.5769783085178748,
    "dev_intent_accuracy": 0.9878787878787879,
    "dev_slots_precision": 0.535426267281106,
    "dev_slots_recall": 0.5770603756014279,
    "dev_slots_span_f1": 0.5554642563681182
}