{
    "epoch": "20/20",
    "best_epoch": 9,
    "max_gpu_mem": "7.2456",
    "cur_ram": "1.4765",
    "time_epoch": "0:16:17",
    "time_total": "5:23:53",
    "best_train_intent_loss": 0.8588601445679017,
    "best_train_slots_loss": 8.944948828229114,
    "train_intent_loss": 0.12092788957281943,
    "train_slots_loss": 0.6486291577513394,
    "best_train_sum": 1.996491424498533,
    "train_sum": 1.996491424498533,
    "best_dev_intent_loss": 7.049607274370478,
    "best_dev_slots_loss": 169.2389498926126,
    "dev_intent_loss": 8.913350191383302,
    "dev_slots_loss": 264.2423167641346,
    "best_dev_sum": 1.7138642169985454,
    "dev_sum": 1.6967693059628544,
    "best_train_intent_accuracy": 0.9923632610939113,
    "best_train_slots_precision": 0.9768094552580961,
    "best_train_slots_recall": 0.9797250567237342,
    "best_train_slots_span_f1": 0.9782650835958324,
    "train_intent_accuracy": 0.9985781447081756,
    "train_slots_precision": 0.9978043306847819,
    "train_slots_recall": 0.9980222526905856,
    "train_slots_span_f1": 0.9979132797903574,
    "best_dev_intent_accuracy": 0.9548484848484848,
    "best_dev_slots_precision": 0.7901898202586931,
    "best_dev_slots_recall": 0.7302080099348028,
    "best_dev_slots_span_f1": 0.7590157321500605,
    "dev_intent_accuracy": 0.9575757575757575,
    "dev_slots_precision": 0.7692178583417254,
    "dev_slots_recall": 0.7114250232846941,
    "dev_slots_span_f1": 0.7391935483870968
}