{
  "movie_name": {
    "precision": 0.6396103896103896,
    "recall": 0.6610738255033557,
    "f1-score": 0.65016501650165,
    "support": 298,
    "confused_with": {
      "object_name": 26
    }
  },
  "condition_temperature": {
    "precision": 0.22857142857142856,
    "recall": 0.9090909090909091,
    "f1-score": 0.365296803652968,
    "support": 44,
    "confused_with": {
      "location": 1
    }
  },
  "object_select": {
    "precision": 0.7333333333333333,
    "recall": 0.22916666666666666,
    "f1-score": 0.3492063492063492,
    "support": 96,
    "confused_with": {
      "object_type": 38
    }
  },
  "genre": {
    "precision": 0.5,
    "recall": 0.9,
    "f1-score": 0.6428571428571429,
    "support": 10,
    "confused_with": {}
  },
  "entity_name": {
    "precision": 0.4411764705882353,
    "recall": 0.4090909090909091,
    "f1-score": 0.4245283018867924,
    "support": 110,
    "confused_with": {
      "artist": 33,
      "playlist": 32
    }
  },
  "object_type": {
    "precision": 0.5486725663716814,
    "recall": 0.7272727272727273,
    "f1-score": 0.6254728877679697,
    "support": 341,
    "confused_with": {
      "object_name": 27
    }
  },
  "location": {
    "precision": 0.7027243589743589,
    "recall": 0.7915162454873647,
    "f1-score": 0.7444821731748726,
    "support": 1108,
    "confused_with": {
      "datetime": 46
    }
  },
  "cuisine": {
    "precision": 0.09090909090909091,
    "recall": 0.10526315789473684,
    "f1-score": 0.0975609756097561,
    "support": 19,
    "confused_with": {
      "location": 17
    }
  },
  "rating_unit": {
    "precision": 0.6964285714285714,
    "recall": 0.9435483870967742,
    "f1-score": 0.8013698630136986,
    "support": 124,
    "confused_with": {
      "rating_value": 1
    }
  },
  "object_location_type": {
    "precision": 0.5204081632653061,
    "recall": 0.796875,
    "f1-score": 0.6296296296296297,
    "support": 64,
    "confused_with": {
      "movie_type": 5
    }
  },
  "condition_description": {
    "precision": 0.2923076923076923,
    "recall": 0.5816326530612245,
    "f1-score": 0.38907849829351543,
    "support": 98,
    "confused_with": {
      "weather__attribute": 19,
      "condition_temperature": 9
    }
  },
  "service": {
    "precision": 0.9302325581395349,
    "recall": 0.8391608391608392,
    "f1-score": 0.8823529411764707,
    "support": 143,
    "confused_with": {
      "object_name": 8
    }
  },
  "restaurant_name": {
    "precision": 0.5104166666666666,
    "recall": 0.6533333333333333,
    "f1-score": 0.5730994152046783,
    "support": 75,
    "confused_with": {
      "location": 11
    }
  },
  "party_size_description": {
    "precision": 0.6722222222222223,
    "recall": 0.5789473684210527,
    "f1-score": 0.622107969151671,
    "support": 209,
    "confused_with": {
      "artist": 34
    }
  },
  "best_rating": {
    "precision": 0.8446601941747572,
    "recall": 0.8207547169811321,
    "f1-score": 0.832535885167464,
    "support": 106,
    "confused_with": {
      "rating_value": 19
    }
  },
  "weather__attribute": {
    "precision": 0.31004709576138145,
    "recall": 0.8586956521739131,
    "f1-score": 0.455594002306805,
    "support": 460,
    "confused_with": {
      "condition_description": 10
    }
  },
  "reference": {
    "precision": 0.5317460317460317,
    "recall": 0.19533527696793002,
    "f1-score": 0.28571428571428564,
    "support": 343,
    "confused_with": {
      "playlist": 47
    }
  },
  "album": {
    "precision": 0.0,
    "recall": 0.0,
    "f1-score": 0.0,
    "support": 28,
    "confused_with": {
      "artist": 20,
      "music_item": 3
    }
  },
  "restaurant_type": {
    "precision": 0.47249190938511326,
    "recall": 0.863905325443787,
    "f1-score": 0.6108786610878661,
    "support": 169,
    "confused_with": {
      "restaurant_name": 8,
      "served_dish": 4
    }
  },
  "facility": {
    "precision": 1.0,
    "recall": 0.8461538461538461,
    "f1-score": 0.9166666666666666,
    "support": 13,
    "confused_with": {}
  },
  "artist": {
    "precision": 0.5365853658536586,
    "recall": 0.8646288209606987,
    "f1-score": 0.6622073578595318,
    "support": 458,
    "confused_with": {
      "object_name": 23,
      "entity_name": 19
    }
  },
  "object_name": {
    "precision": 0.7783300198807157,
    "recall": 0.7150684931506849,
    "f1-score": 0.7453593526891956,
    "support": 1095,
    "confused_with": {
      "object_part_of_series_type": 48
    }
  },
  "music_item": {
    "precision": 0.45081967213114754,
    "recall": 0.7746478873239436,
    "f1-score": 0.5699481865284973,
    "support": 213,
    "confused_with": {
      "artist": 13,
      "object_type": 12
    }
  },
  "datetime": {
    "precision": 0.7963240810202551,
    "recall": 0.7313124354116431,
    "f1-score": 0.7624349075237924,
    "support": 2903,
    "confused_with": {
      "location": 52
    }
  },
  "rating_value": {
    "precision": 0.6954314720812182,
    "recall": 0.8782051282051282,
    "f1-score": 0.7762039660056657,
    "support": 156,
    "confused_with": {
      "best_rating": 9
    }
  },
  "recurring_datetime": {
    "precision": 0.9230769230769231,
    "recall": 0.47706422018348627,
    "f1-score": 0.6290322580645161,
    "support": 327,
    "confused_with": {
      "datetime": 92
    }
  },
  "served_dish": {
    "precision": 0.3695652173913043,
    "recall": 0.3617021276595745,
    "f1-score": 0.3655913978494624,
    "support": 47,
    "confused_with": {
      "location": 11,
      "party_size_description": 9
    }
  },
  "restaurant": {
    "precision": 0.0,
    "recall": 0.0,
    "f1-score": 0.0,
    "support": 1,
    "confused_with": {
      "restaurant_type": 1
    }
  },
  "movie_type": {
    "precision": 0.6272727272727273,
    "recall": 0.7666666666666667,
    "f1-score": 0.6900000000000001,
    "support": 90,
    "confused_with": {
      "movie_name": 11,
      "object_location_type": 4
    }
  },
  "track": {
    "precision": 0.0,
    "recall": 0.0,
    "f1-score": 0.0,
    "support": 10,
    "confused_with": {
      "artist": 10
    }
  },
  "playlist": {
    "precision": 0.7015130674002751,
    "recall": 0.7798165137614679,
    "f1-score": 0.7385952208544533,
    "support": 654,
    "confused_with": {
      "artist": 66
    }
  },
  "sort": {
    "precision": 0.6103896103896104,
    "recall": 0.6482758620689655,
    "f1-score": 0.62876254180602,
    "support": 145,
    "confused_with": {
      "datetime": 12
    }
  },
  "party_size_number": {
    "precision": 0.49206349206349204,
    "recall": 0.6888888888888889,
    "f1-score": 0.5740740740740741,
    "support": 135,
    "confused_with": {
      "datetime": 17
    }
  },
  "refe": {
    "precision": 0.0,
    "recall": 0.0,
    "f1-score": 0.0,
    "support": 1,
    "confused_with": {}
  },
  "reminder__todo": {
    "precision": 0.6686478454680534,
    "recall": 0.8272058823529411,
    "f1-score": 0.7395234182415776,
    "support": 544,
    "confused_with": {
      "datetime": 13
    }
  },
  "micro avg": {
    "precision": 0.6317787866281469,
    "recall": 0.7195637867819874,
    "f1-score": 0.6728199718706048,
    "support": 10637
  },
  "macro avg": {
    "precision": 0.5233136639281479,
    "recall": 0.6064085647552742,
    "f1-score": 0.5365808614162011,
    "support": 10637
  },
  "weighted avg": {
    "precision": 0.6794157350527478,
    "recall": 0.7195637867819874,
    "f1-score": 0.680524127663655,
    "support": 10637
  },
  "accuracy": 0.7278678163514063
}