{
    "epoch": "20/20",
    "best_epoch": 7,
    "max_gpu_mem": "3.2120",
    "cur_ram": "1.4242",
    "time_epoch": "0:00:11",
    "time_total": "0:03:58",
    "best_train_intent_loss": 0.8225328778066943,
    "best_train_slots_loss": 17.963261142853767,
    "train_intent_loss": 0.08501988949294212,
    "train_slots_loss": 1.7285197473341418,
    "best_train_sum": 1.994756451874672,
    "train_sum": 1.994756451874672,
    "best_dev_intent_loss": 0.7253269522704862,
    "best_dev_slots_loss": 24.153235522183504,
    "dev_intent_loss": 0.8571111801482568,
    "dev_slots_loss": 36.33861645785245,
    "best_dev_sum": 1.9602487354401597,
    "dev_sum": 1.9473134708428828,
    "best_train_intent_accuracy": 0.9983164983164983,
    "best_train_slots_precision": 0.9584680851063829,
    "best_train_slots_recall": 0.9716997411561691,
    "best_train_slots_span_f1": 0.965038560411311,
    "train_intent_accuracy": 0.9993265993265993,
    "train_slots_precision": 0.9948293691830403,
    "train_slots_recall": 0.9960310612597066,
    "train_slots_span_f1": 0.9954298525480728,
    "best_dev_intent_accuracy": 0.9939393939393939,
    "best_dev_slots_precision": 0.958966565349544,
    "best_dev_slots_recall": 0.9737654320987654,
    "best_dev_slots_span_f1": 0.9663093415007658,
    "dev_intent_accuracy": 0.996969696969697,
    "dev_slots_precision": 0.9409984871406959,
    "dev_slots_recall": 0.9598765432098766,
    "dev_slots_span_f1": 0.9503437738731858
}