{
    "epoch": "20/20",
    "best_epoch": 20,
    "max_gpu_mem": "3.0388",
    "cur_ram": "1.4626",
    "time_epoch": "0:30:26",
    "time_total": "8:43:56",
    "best_train_intent_loss": 0.12183660208855907,
    "best_train_slots_loss": 0.6907931854099388,
    "best_train_upos_loss": 0.030560997646903423,
    "train_intent_loss": 0.12183660208855907,
    "train_slots_loss": 0.6907931854099388,
    "train_upos_loss": 0.030560997646903423,
    "best_train_sum": 2.778999576296564,
    "train_sum": 2.778999576296564,
    "best_dev_intent_loss": 4.824361898222065,
    "best_dev_slots_loss": 134.2538387145996,
    "best_dev_upos_loss": 0.09639231966994703,
    "dev_intent_loss": 4.824361898222065,
    "dev_slots_loss": 134.2538387145996,
    "dev_upos_loss": 0.09639231966994703,
    "best_dev_sum": 2.577362141960337,
    "dev_sum": 2.577362141960337,
    "best_train_intent_accuracy": 0.9983488132094943,
    "best_train_slots_precision": 0.9972832348910262,
    "best_train_slots_recall": 0.9976946503755293,
    "best_train_slots_span_f1": 0.997488900211078,
    "best_train_upos_accuracy": 0.7831618628759915,
    "train_intent_accuracy": 0.9983488132094943,
    "train_slots_precision": 0.9972832348910262,
    "train_slots_recall": 0.9976946503755293,
    "train_slots_span_f1": 0.997488900211078,
    "train_upos_accuracy": 0.7831618628759915,
    "best_dev_intent_accuracy": 0.9590909090909091,
    "best_dev_slots_precision": 0.8225223810271713,
    "best_dev_slots_recall": 0.8128201148533292,
    "best_dev_slots_span_f1": 0.8176424668227947,
    "best_dev_upos_accuracy": 0.8006287660466335,
    "dev_intent_accuracy": 0.9590909090909091,
    "dev_slots_precision": 0.8225223810271713,
    "dev_slots_recall": 0.8128201148533292,
    "dev_slots_span_f1": 0.8176424668227947,
    "dev_upos_accuracy": 0.8006287660466335
}