{
    "epoch": "20/20",
    "best_epoch": 9,
    "max_gpu_mem": "7.2547",
    "cur_ram": "1.5049",
    "time_epoch": "0:06:02",
    "time_total": "1:59:38",
    "best_train_intent_loss": 1.7621882369552666,
    "best_train_slots_loss": 69.88987132076643,
    "train_intent_loss": 0.2965042518043076,
    "train_slots_loss": 17.571106957550274,
    "best_train_sum": 1.927640769929666,
    "train_sum": 1.927640769929666,
    "best_dev_intent_loss": 0.9632369983491327,
    "best_dev_slots_loss": 236.24254369277222,
    "dev_intent_loss": 1.296942455613869,
    "dev_slots_loss": 402.72276559242835,
    "best_dev_sum": 1.554365106715372,
    "dev_sum": 1.545683671490973,
    "best_train_intent_accuracy": 0.9836715972938883,
    "best_train_slots_precision": 0.7723790395323944,
    "best_train_slots_recall": 0.7698513545912251,
    "best_train_slots_span_f1": 0.7711131256491381,
    "train_intent_accuracy": 0.9967893590184612,
    "train_slots_precision": 0.9213471271386465,
    "train_slots_recall": 0.940553824023016,
    "train_slots_span_f1": 0.9308514109112048,
    "best_dev_intent_accuracy": 0.9924242424242424,
    "best_dev_slots_precision": 0.549281161997925,
    "best_dev_slots_recall": 0.575197889182058,
    "best_dev_slots_span_f1": 0.5619408642911297,
    "dev_intent_accuracy": 0.993030303030303,
    "dev_slots_precision": 0.5365390236772873,
    "dev_slots_recall": 0.5697656371255626,
    "dev_slots_span_f1": 0.5526533684606699
}