{
    "epoch": "20/20",
    "best_epoch": 5,
    "max_gpu_mem": "2.7014",
    "cur_ram": "1.4290",
    "time_epoch": "0:32:47",
    "time_total": "10:49:08",
    "best_train_intent_loss": 3.357485673245301,
    "best_train_slots_loss": 108.7457889919323,
    "train_intent_loss": 0.2810968044743286,
    "train_slots_loss": 14.917430850397727,
    "best_train_sum": 1.9363002085432246,
    "train_sum": 1.9363002085432246,
    "best_dev_intent_loss": 2.639589872238083,
    "best_dev_slots_loss": 206.7776028101261,
    "dev_intent_loss": 2.6411977314908373,
    "dev_slots_loss": 441.646125124051,
    "best_dev_sum": 1.5408259640090969,
    "dev_sum": 1.526116574718158,
    "best_train_intent_accuracy": 0.9705997018690518,
    "best_train_slots_precision": 0.6812684506237501,
    "best_train_slots_recall": 0.6860704866938384,
    "best_train_slots_span_f1": 0.6836610363857896,
    "train_intent_accuracy": 0.9971562894163514,
    "train_slots_precision": 0.9275275907220352,
    "train_slots_recall": 0.9510549029009829,
    "train_slots_span_f1": 0.9391439191268732,
    "best_dev_intent_accuracy": 0.9778787878787879,
    "best_dev_slots_precision": 0.552352501867065,
    "best_dev_slots_recall": 0.5739562315691448,
    "best_dev_slots_span_f1": 0.562947176130309,
    "dev_intent_accuracy": 0.9836363636363636,
    "dev_slots_precision": 0.5274113163295221,
    "dev_slots_recall": 0.5584355114077293,
    "dev_slots_span_f1": 0.5424802110817942
}