{
    "epoch": "20/20",
    "best_epoch": 14,
    "max_gpu_mem": "2.7052",
    "cur_ram": "1.4151",
    "time_epoch": "0:10:07",
    "time_total": "4:44:38",
    "best_train_intent_loss": 0.37128920552915706,
    "best_train_slots_loss": 3.2432526604532756,
    "train_intent_loss": 0.12838559854523895,
    "train_slots_loss": 0.6890282949278307,
    "best_train_sum": 1.9959773448188538,
    "train_sum": 1.9959773448188538,
    "best_dev_intent_loss": 5.464574902861036,
    "best_dev_slots_loss": 140.1631754224117,
    "dev_intent_loss": 7.300348289904623,
    "dev_slots_loss": 172.89051693677902,
    "best_dev_sum": 1.7777099953073674,
    "dev_sum": 1.7581020206787077,
    "best_train_intent_accuracy": 0.996238963421626,
    "best_train_slots_precision": 0.9902097393706607,
    "best_train_slots_recall": 0.9915794071611439,
    "best_train_slots_span_f1": 0.9908940999587749,
    "train_intent_accuracy": 0.9985552115583075,
    "train_slots_precision": 0.9972346206093538,
    "train_slots_recall": 0.9976097164419961,
    "train_slots_span_f1": 0.9974221332605464,
    "best_dev_intent_accuracy": 0.9666666666666667,
    "best_dev_slots_precision": 0.817436544221977,
    "best_dev_slots_recall": 0.8047493403693932,
    "best_dev_slots_span_f1": 0.8110433286407007,
    "dev_intent_accuracy": 0.9454545454545454,
    "dev_slots_precision": 0.8237920586828257,
    "dev_slots_recall": 0.8018004035387242,
    "dev_slots_span_f1": 0.8126474752241624
}