{
    "epoch": "20/20",
    "best_epoch": 16,
    "max_gpu_mem": "2.7263",
    "cur_ram": "1.2943",
    "time_epoch": "0:34:39",
    "time_total": "11:05:12",
    "best_train_ner_loss": 0.29375017907672035,
    "train_ner_loss": 0.049922926810556996,
    "best_train_sum": 0.9996530488333766,
    "train_sum": 0.9996530488333766,
    "best_dev_ner_loss": 18.018653037664773,
    "dev_ner_loss": 17.97494783268108,
    "best_dev_sum": 0.9293376468585051,
    "dev_sum": 0.9268707482993196,
    "best_train_ner_precision": 0.9967920929426045,
    "best_train_ner_recall": 0.9972676410634514,
    "best_train_ner_span_f1": 0.997029810298103,
    "train_ner_precision": 0.9996096968645648,
    "train_ner_recall": 0.9996964045626057,
    "train_ner_span_f1": 0.9996530488333766,
    "best_dev_ner_precision": 0.9310815421357899,
    "best_dev_ner_recall": 0.9276002719238613,
    "best_dev_ner_span_f1": 0.9293376468585051,
    "dev_ner_precision": 0.927501701837985,
    "dev_ner_recall": 0.9262406526172672,
    "dev_ner_span_f1": 0.9268707482993196
}