{
    "epoch": "20/20",
    "best_epoch": 7,
    "max_gpu_mem": "2.7041",
    "cur_ram": "1.4183",
    "time_epoch": "0:18:16",
    "time_total": "6:08:35",
    "best_train_intent_loss": 2.104277700985736,
    "best_train_slots_loss": 82.31881894596516,
    "train_intent_loss": 0.31695066353610923,
    "train_slots_loss": 17.4979558263906,
    "best_train_sum": 1.9228677127996872,
    "train_sum": 1.9228677127996872,
    "best_dev_intent_loss": 3.132711290276627,
    "best_dev_slots_loss": 218.3450184922952,
    "dev_intent_loss": 2.939065008659012,
    "dev_slots_loss": 417.22323234723166,
    "best_dev_sum": 1.5344362405783727,
    "dev_sum": 1.51586538768111,
    "best_train_intent_accuracy": 0.9823414746015365,
    "best_train_slots_precision": 0.7411547838496759,
    "best_train_slots_recall": 0.7470630544233997,
    "best_train_slots_span_f1": 0.744097191128623,
    "train_intent_accuracy": 0.9965370943699117,
    "train_slots_precision": 0.9149361582713624,
    "train_slots_recall": 0.9380124670342843,
    "train_slots_span_f1": 0.9263306184297755,
    "best_dev_intent_accuracy": 0.9760606060606061,
    "best_dev_slots_precision": 0.5533536585365854,
    "best_dev_slots_recall": 0.5634895995032598,
    "best_dev_slots_span_f1": 0.5583756345177665,
    "dev_intent_accuracy": 0.9821212121212122,
    "dev_slots_precision": 0.5173368298368298,
    "dev_slots_recall": 0.551226327227569,
    "dev_slots_span_f1": 0.5337441755598977
}