{
    "epoch": "20/20",
    "best_epoch": 20,
    "max_gpu_mem": "3.5654",
    "cur_ram": "1.3430",
    "time_epoch": "0:15:03",
    "time_total": "7:29:50",
    "best_train_intent_loss": 0.041261348166580676,
    "best_train_slots_loss": 0.15800371314540054,
    "train_intent_loss": 0.041261348166580676,
    "train_slots_loss": 0.15800371314540054,
    "best_train_sum": 1.9986529186974427,
    "train_sum": 1.9986529186974427,
    "best_dev_intent_loss": 7.068121711341913,
    "best_dev_slots_loss": 265.7043026245392,
    "dev_intent_loss": 7.068121711341913,
    "dev_slots_loss": 265.7043026245392,
    "best_dev_sum": 1.759398314229883,
    "dev_sum": 1.759398314229883,
    "best_train_intent_accuracy": 0.9995872033023736,
    "best_train_slots_precision": 0.9990778377722502,
    "best_train_slots_recall": 0.9990535933120595,
    "best_train_slots_span_f1": 0.999065715395069,
    "train_intent_accuracy": 0.9995872033023736,
    "train_slots_precision": 0.9990778377722502,
    "train_slots_recall": 0.9990535933120595,
    "train_slots_span_f1": 0.999065715395069,
    "best_dev_intent_accuracy": 0.9669696969696969,
    "best_dev_slots_precision": 0.8197809492200465,
    "best_dev_slots_recall": 0.7668425954672462,
    "best_dev_slots_span_f1": 0.7924286172601862,
    "dev_intent_accuracy": 0.9669696969696969,
    "dev_slots_precision": 0.8197809492200465,
    "dev_slots_recall": 0.7668425954672462,
    "dev_slots_span_f1": 0.7924286172601862
}