{
    "epoch": "20/20",
    "best_epoch": 7,
    "max_gpu_mem": "2.7047",
    "cur_ram": "1.4323",
    "time_epoch": "0:31:58",
    "time_total": "10:32:25",
    "best_train_intent_loss": 2.3417432198018417,
    "best_train_slots_loss": 86.29954539024034,
    "train_intent_loss": 0.22482412472294347,
    "train_slots_loss": 13.151776854990164,
    "best_train_sum": 1.943733903327538,
    "train_sum": 1.943733903327538,
    "best_dev_intent_loss": 1.6704710361529858,
    "best_dev_slots_loss": 234.34121423501236,
    "dev_intent_loss": 3.620957778821461,
    "dev_slots_loss": 453.58547805822815,
    "best_dev_sum": 1.5322245924953506,
    "dev_sum": 1.5144717647943455,
    "best_train_intent_accuracy": 0.978672170622635,
    "best_train_slots_precision": 0.7293847698264735,
    "best_train_slots_recall": 0.7316231119635579,
    "best_train_slots_span_f1": 0.730502226265141,
    "train_intent_accuracy": 0.9979360165118679,
    "train_slots_precision": 0.9336790711799472,
    "train_slots_recall": 0.9582354351474467,
    "train_slots_span_f1": 0.9457978868156702,
    "best_dev_intent_accuracy": 0.9839393939393939,
    "best_dev_slots_precision": 0.5318838464905881,
    "best_dev_slots_recall": 0.5657302498835945,
    "best_dev_slots_span_f1": 0.5482851985559567,
    "dev_intent_accuracy": 0.9793939393939394,
    "dev_slots_precision": 0.5189614935822637,
    "dev_slots_recall": 0.5522272233431631,
    "dev_slots_span_f1": 0.535077825400406
}