{
    "epoch": "20/20",
    "best_epoch": 11,
    "max_gpu_mem": "4.3876",
    "cur_ram": "1.4326",
    "time_epoch": "0:36:51",
    "time_total": "12:09:04",
    "best_train_intent_loss": 0.8792537692850572,
    "best_train_slots_loss": 47.42843251357775,
    "train_intent_loss": 0.2880684674006556,
    "train_slots_loss": 17.161163803416844,
    "best_train_sum": 1.924347529494173,
    "train_sum": 1.924347529494173,
    "best_dev_intent_loss": 3.8965918853111643,
    "best_dev_slots_loss": 251.5816730444248,
    "dev_intent_loss": 4.443787207532646,
    "dev_slots_loss": 409.03517694656665,
    "best_dev_sum": 1.5331648145465582,
    "dev_sum": 1.5161210032287509,
    "best_train_intent_accuracy": 0.9915606008485266,
    "best_train_slots_precision": 0.8255604531020427,
    "best_train_slots_recall": 0.8352193718532726,
    "best_train_slots_span_f1": 0.8303618248557945,
    "train_intent_accuracy": 0.9967893590184612,
    "train_slots_precision": 0.9152459303343252,
    "train_slots_recall": 0.9402061855670103,
    "train_slots_span_f1": 0.9275581704757118,
    "best_dev_intent_accuracy": 0.9724242424242424,
    "best_dev_slots_precision": 0.5485451306413301,
    "best_dev_slots_recall": 0.5734906099643023,
    "best_dev_slots_span_f1": 0.5607405721223158,
    "dev_intent_accuracy": 0.9736363636363636,
    "dev_slots_precision": 0.5244096769520499,
    "dev_slots_recall": 0.5618500698432407,
    "dev_slots_span_f1": 0.5424846395923872
}