{
    "epoch": "20/20",
    "best_epoch": 17,
    "max_gpu_mem": "3.3327",
    "cur_ram": "1.4181",
    "time_epoch": "0:33:57",
    "time_total": "11:22:51",
    "best_train_dependency_loss": 0.10683826048743292,
    "best_train_intent_loss": 0.4018058080770629,
    "best_train_slots_loss": 21.873106911021466,
    "train_dependency_loss": 0.10186171729348104,
    "train_intent_loss": 0.2893484443245352,
    "train_slots_loss": 16.423300678728353,
    "best_train_sum": 2.281009635484855,
    "train_sum": 2.281009635484855,
    "best_dev_dependency_loss": 0.3415885536963144,
    "best_dev_intent_loss": 2.71369513598457,
    "best_dev_slots_loss": 298.0088181228638,
    "dev_dependency_loss": 0.335650834294966,
    "dev_intent_loss": 2.6096425502261846,
    "dev_slots_loss": 331.50344874572755,
    "best_dev_sum": 1.9314723982615858,
    "dev_sum": 1.9286464717369696,
    "best_train_dependency_las": 0.3378622477028194,
    "best_train_intent_accuracy": 0.9956656346749226,
    "best_train_slots_precision": 0.899164691804125,
    "best_train_slots_recall": 0.918760489091345,
    "best_train_slots_span_f1": 0.9088569768407073,
    "train_dependency_las": 0.35592554778920915,
    "train_intent_accuracy": 0.9967664258685931,
    "train_slots_precision": 0.9172166058223346,
    "train_slots_recall": 0.9396907216494845,
    "train_slots_span_f1": 0.928317661827053,
    "best_dev_dependency_las": 0.4016243122871365,
    "best_dev_intent_accuracy": 0.9824242424242424,
    "best_dev_slots_precision": 0.5310858143607706,
    "best_dev_slots_recall": 0.5647990066739097,
    "best_dev_slots_span_f1": 0.5474238435502069,
    "dev_dependency_las": 0.4052921142258318,
    "dev_intent_accuracy": 0.9833333333333333,
    "dev_slots_precision": 0.5230545454545454,
    "dev_slots_recall": 0.558125097004501,
    "dev_slots_span_f1": 0.5400210241778044
}