{
    "epoch": "20/20",
    "best_epoch": 20,
    "max_gpu_mem": "4.0795",
    "cur_ram": "1.4403",
    "time_epoch": "0:29:20",
    "time_total": "6:49:01",
    "best_train_intent_loss": 0.12906565951996918,
    "best_train_slots_loss": 0.7497124500512552,
    "train_intent_loss": 0.12906565951996918,
    "train_slots_loss": 0.7497124500512552,
    "best_train_sum": 1.9960254015931547,
    "train_sum": 1.9960254015931547,
    "best_dev_intent_loss": 7.979606295230462,
    "best_dev_slots_loss": 154.57303701914273,
    "dev_intent_loss": 7.979606295230462,
    "dev_slots_loss": 154.57303701914273,
    "best_dev_sum": 1.7866963972304872,
    "dev_sum": 1.7866963972304872,
    "best_train_intent_accuracy": 0.9986698773076482,
    "best_train_slots_precision": 0.9971257049299618,
    "best_train_slots_recall": 0.9975854496038439,
    "best_train_slots_span_f1": 0.9973555242855063,
    "train_intent_accuracy": 0.9986698773076482,
    "train_slots_precision": 0.9971257049299618,
    "train_slots_recall": 0.9975854496038439,
    "train_slots_span_f1": 0.9973555242855063,
    "best_dev_intent_accuracy": 0.9606060606060606,
    "best_dev_slots_precision": 0.827570093457944,
    "best_dev_slots_recall": 0.824615862176005,
    "best_dev_slots_span_f1": 0.8260903366244267,
    "dev_intent_accuracy": 0.9606060606060606,
    "dev_slots_precision": 0.827570093457944,
    "dev_slots_recall": 0.824615862176005,
    "dev_slots_span_f1": 0.8260903366244267
}