{
    "epoch": "20/20",
    "best_epoch": 18,
    "max_gpu_mem": "3.3479",
    "cur_ram": "1.4564",
    "time_epoch": "0:28:55",
    "time_total": "8:50:51",
    "best_train_dependency_loss": 0.09146776605683762,
    "best_train_intent_loss": 0.1770664717261832,
    "best_train_slots_loss": 1.249766156668454,
    "train_dependency_loss": 0.08809142022024388,
    "train_intent_loss": 0.11724053861687223,
    "train_slots_loss": 0.718536338461051,
    "best_train_sum": 2.412516291478061,
    "train_sum": 2.412516291478061,
    "best_dev_dependency_loss": 0.2962331458054832,
    "best_dev_intent_loss": 5.004072986633982,
    "best_dev_slots_loss": 121.37511137771607,
    "dev_dependency_loss": 0.2928813320385525,
    "dev_intent_loss": 5.731188725602813,
    "dev_slots_loss": 125.57347743606567,
    "best_dev_sum": 2.2357406006442693,
    "dev_sum": 2.235527987464497,
    "best_train_dependency_las": 0.40457865389146314,
    "best_train_intent_accuracy": 0.9979818828116042,
    "best_train_slots_precision": 0.9957307976858983,
    "best_train_slots_recall": 0.9961415727337807,
    "best_train_slots_span_f1": 0.9959361428536769,
    "train_dependency_las": 0.4164768711222807,
    "train_intent_accuracy": 0.9985322784084394,
    "train_slots_precision": 0.9972833337375991,
    "train_slots_recall": 0.9977310506327578,
    "train_slots_span_f1": 0.9975071419473407,
    "best_dev_dependency_las": 0.45926119989520564,
    "best_dev_intent_accuracy": 0.96,
    "best_dev_slots_precision": 0.8209634395104346,
    "best_dev_slots_recall": 0.8120440788452584,
    "best_dev_slots_span_f1": 0.8164794007490636,
    "dev_dependency_las": 0.46423893109772074,
    "dev_intent_accuracy": 0.9509090909090909,
    "dev_slots_precision": 0.8300238284352661,
    "dev_slots_recall": 0.8109576284339594,
    "dev_slots_span_f1": 0.8203799654576857
}