{
    "epoch": "20/20",
    "best_epoch": 4,
    "max_gpu_mem": "3.5607",
    "cur_ram": "1.3530",
    "time_epoch": "0:29:09",
    "time_total": "10:58:22",
    "best_train_intent_loss": 3.1706282302760465,
    "best_train_slots_loss": 122.03699430383348,
    "train_intent_loss": 0.13149395245705955,
    "train_slots_loss": 6.031791143098581,
    "best_train_sum": 1.959233458959094,
    "train_sum": 1.959233458959094,
    "best_dev_intent_loss": 1.3560489639052533,
    "best_dev_slots_loss": 188.2715688739811,
    "dev_intent_loss": 2.617923636412945,
    "dev_slots_loss": 790.425932892808,
    "best_dev_sum": 1.559207169219456,
    "dev_sum": 1.5311285801674475,
    "best_train_intent_accuracy": 0.9704162366701067,
    "best_train_slots_precision": 0.6392749244712991,
    "best_train_slots_recall": 0.6468233037640854,
    "best_train_slots_span_f1": 0.6430269626098615,
    "train_intent_accuracy": 0.9980506822612085,
    "train_slots_precision": 0.9448755066589462,
    "train_slots_recall": 0.9780628146727404,
    "train_slots_span_f1": 0.9611827766978854,
    "best_dev_intent_accuracy": 0.9887878787878788,
    "best_dev_slots_precision": 0.5645234838121295,
    "best_dev_slots_recall": 0.5764395467949713,
    "best_dev_slots_span_f1": 0.5704192904315774,
    "dev_intent_accuracy": 0.9903030303030304,
    "dev_slots_precision": 0.525391482511342,
    "dev_slots_recall": 0.5571938537948161,
    "dev_slots_span_f1": 0.5408255498644171
}