{
    "epoch": "20/20",
    "best_epoch": 12,
    "max_gpu_mem": "2.4948",
    "cur_ram": "1.1806",
    "time_epoch": "0:01:52",
    "time_total": "0:34:22",
    "best_train_intent_loss": 0.675397255968663,
    "best_train_slots_loss": 9.779236562790409,
    "train_intent_loss": 0.20573219202298632,
    "train_slots_loss": 2.7687023019277923,
    "best_train_sum": 1.991914084242993,
    "train_sum": 1.991914084242993,
    "best_dev_intent_loss": 0.7111968083137815,
    "best_dev_slots_loss": 23.971925735473633,
    "dev_intent_loss": 0.7967222892594609,
    "dev_slots_loss": 29.515118859030984,
    "best_dev_sum": 1.9573355506282337,
    "dev_sum": 1.946741386467414,
    "best_train_intent_accuracy": 0.997979797979798,
    "best_train_slots_precision": 0.9724456614752696,
    "best_train_slots_recall": 0.9805004314063848,
    "best_train_slots_span_f1": 0.9764564358137138,
    "train_intent_accuracy": 0.9993265993265993,
    "train_slots_precision": 0.9915619080420183,
    "train_slots_recall": 0.9936151855047455,
    "train_slots_span_f1": 0.9925874849163936,
    "best_dev_intent_accuracy": 0.996969696969697,
    "best_dev_slots_precision": 0.9487951807228916,
    "best_dev_slots_recall": 0.9722222222222222,
    "best_dev_slots_span_f1": 0.9603658536585367,
    "dev_intent_accuracy": 0.996969696969697,
    "dev_slots_precision": 0.9369369369369369,
    "dev_slots_recall": 0.9629629629629629,
    "dev_slots_span_f1": 0.9497716894977168
}