{
    "epoch": "20/20",
    "best_epoch": 16,
    "max_gpu_mem": "3.2155",
    "cur_ram": "1.4152",
    "time_epoch": "0:00:14",
    "time_total": "0:05:00",
    "best_train_dialect_loss": 5.271480796798583,
    "train_dialect_loss": 4.023487892522607,
    "best_train_sum": 0.9444444444444444,
    "train_sum": 0.9444444444444444,
    "best_dev_dialect_loss": 21.355937589298595,
    "dev_dialect_loss": 22.449186341329053,
    "best_dev_sum": 0.7878787878787878,
    "dev_sum": 0.7818181818181819,
    "best_train_dialect_accuracy": 0.9346801346801347,
    "train_dialect_accuracy": 0.9444444444444444,
    "best_dev_dialect_accuracy": 0.7878787878787878,
    "dev_dialect_accuracy": 0.7818181818181819
}