{
    "epoch": "20/20",
    "best_epoch": 7,
    "max_gpu_mem": "3.5597",
    "cur_ram": "1.3479",
    "time_epoch": "0:08:30",
    "time_total": "6:31:21",
    "best_train_intent_loss": 1.4363501816837216,
    "best_train_slots_loss": 73.55344411333681,
    "train_intent_loss": 0.16878400746152808,
    "train_slots_loss": 9.147673493849446,
    "best_train_sum": 1.9466229841570746,
    "train_sum": 1.9466229841570746,
    "best_dev_intent_loss": 1.552936435372963,
    "best_dev_slots_loss": 212.24668411736016,
    "dev_intent_loss": 3.602295895727126,
    "dev_slots_loss": 787.8960495252867,
    "best_dev_sum": 1.53714959983583,
    "dev_sum": 1.519240321135312,
    "best_train_intent_accuracy": 0.9860795780300424,
    "best_train_slots_precision": 0.7549873827548446,
    "best_train_slots_recall": 0.7603452409494126,
    "best_train_slots_span_f1": 0.7576568397916766,
    "train_intent_accuracy": 0.9977066850131866,
    "train_slots_precision": 0.9336999907175346,
    "train_slots_recall": 0.9646367777511388,
    "train_slots_span_f1": 0.9489162991438881,
    "best_dev_intent_accuracy": 0.9857575757575757,
    "best_dev_slots_precision": 0.5350467289719626,
    "best_dev_slots_recall": 0.5687674635206458,
    "best_dev_slots_span_f1": 0.5513920240782543,
    "dev_intent_accuracy": 0.983030303030303,
    "dev_slots_precision": 0.521573231582037,
    "dev_slots_recall": 0.5516920211114561,
    "dev_slots_span_f1": 0.5362100181050091
}