{
  "object_name": {
    "precision": 0.6671826625386997,
    "recall": 0.7872146118721461,
    "f1-score": 0.7222454964390449,
    "support": 1095,
    "confused_with": {
      "movie_name": 90,
      "location": 36
    }
  },
  "datetime": {
    "precision": 0.6750948166877371,
    "recall": 0.18394764037202893,
    "f1-score": 0.2891174878180834,
    "support": 2903,
    "confused_with": {
      "party_size_description": 216
    }
  },
  "genre": {
    "precision": 0.3448275862068966,
    "recall": 1.0,
    "f1-score": 0.5128205128205129,
    "support": 10,
    "confused_with": {}
  },
  "condition_temperature": {
    "precision": 0.0,
    "recall": 0.0,
    "f1-score": 0.0,
    "support": 44,
    "confused_with": {
      "location": 10,
      "artist": 3
    }
  },
  "cuisine": {
    "precision": 0.0,
    "recall": 0.0,
    "f1-score": 0.0,
    "support": 19,
    "confused_with": {
      "location": 17,
      "party_size_description": 2
    }
  },
  "entity_name": {
    "precision": 0.10857142857142857,
    "recall": 0.17272727272727273,
    "f1-score": 0.13333333333333336,
    "support": 110,
    "confused_with": {
      "artist": 23,
      "object_name": 20
    }
  },
  "service": {
    "precision": 0.8598726114649682,
    "recall": 0.9440559440559441,
    "f1-score": 0.9,
    "support": 143,
    "confused_with": {}
  },
  "playlist": {
    "precision": 0.6238003838771593,
    "recall": 0.4969418960244648,
    "f1-score": 0.5531914893617021,
    "support": 654,
    "confused_with": {
      "artist": 66
    }
  },
  "restaurant_name": {
    "precision": 0.4387755102040816,
    "recall": 0.5733333333333334,
    "f1-score": 0.4971098265895953,
    "support": 75,
    "confused_with": {
      "artist": 10,
      "cuisine": 9
    }
  },
  "location": {
    "precision": 0.46439628482972134,
    "recall": 0.5415162454873647,
    "f1-score": 0.5,
    "support": 1108,
    "confused_with": {
      "party_size_description": 63
    }
  },
  "party_size_description": {
    "precision": 0.09802538787023977,
    "recall": 0.6650717703349283,
    "f1-score": 0.1708666256914567,
    "support": 209,
    "confused_with": {
      "artist": 44
    }
  },
  "restaurant": {
    "precision": 0.0,
    "recall": 0.0,
    "f1-score": 0.0,
    "support": 1,
    "confused_with": {
      "restaurant_type": 1
    }
  },
  "object_select": {
    "precision": 0.0,
    "recall": 0.0,
    "f1-score": 0.0,
    "support": 96,
    "confused_with": {
      "party_size_description": 25,
      "artist": 13
    }
  },
  "party_size_number": {
    "precision": 0.32338308457711445,
    "recall": 0.48148148148148145,
    "f1-score": 0.3869047619047619,
    "support": 135,
    "confused_with": {
      "party_size_description": 32
    }
  },
  "rating_unit": {
    "precision": 0.0,
    "recall": 0.0,
    "f1-score": 0.0,
    "support": 124,
    "confused_with": {
      "entity_name": 13,
      "party_size_description": 9
    }
  },
  "movie_type": {
    "precision": 0.4195804195804196,
    "recall": 0.6666666666666666,
    "f1-score": 0.5150214592274678,
    "support": 90,
    "confused_with": {
      "party_size_description": 9
    }
  },
  "movie_name": {
    "precision": 0.4128787878787879,
    "recall": 0.36577181208053694,
    "f1-score": 0.38790035587188615,
    "support": 298,
    "confused_with": {
      "object_name": 82
    }
  },
  "music_item": {
    "precision": 0.7014925373134329,
    "recall": 0.22065727699530516,
    "f1-score": 0.33571428571428574,
    "support": 213,
    "confused_with": {
      "artist": 68
    }
  },
  "served_dish": {
    "precision": 0.12962962962962962,
    "recall": 0.2978723404255319,
    "f1-score": 0.18064516129032254,
    "support": 47,
    "confused_with": {
      "party_size_description": 13,
      "location": 9
    }
  },
  "refe": {
    "precision": 0.0,
    "recall": 0.0,
    "f1-score": 0.0,
    "support": 1,
    "confused_with": {
      "reference": 1
    }
  },
  "object_location_type": {
    "precision": 0.29411764705882354,
    "recall": 0.078125,
    "f1-score": 0.1234567901234568,
    "support": 64,
    "confused_with": {
      "artist": 15,
      "movie_type": 9
    }
  },
  "album": {
    "precision": 0.0,
    "recall": 0.0,
    "f1-score": 0.0,
    "support": 28,
    "confused_with": {
      "object_name": 25,
      "track": 1,
      "music_item": 1
    }
  },
  "condition_description": {
    "precision": 0.5277777777777778,
    "recall": 0.19387755102040816,
    "f1-score": 0.2835820895522388,
    "support": 98,
    "confused_with": {
      "artist": 8
    }
  },
  "best_rating": {
    "precision": 0.7297297297297297,
    "recall": 0.25471698113207547,
    "f1-score": 0.37762237762237766,
    "support": 106,
    "confused_with": {
      "party_size_number": 20
    }
  },
  "artist": {
    "precision": 0.22091412742382271,
    "recall": 0.6965065502183406,
    "f1-score": 0.3354363827549947,
    "support": 458,
    "confused_with": {
      "object_name": 48,
      "location": 41
    }
  },
  "restaurant_type": {
    "precision": 0.5894308943089431,
    "recall": 0.8579881656804734,
    "f1-score": 0.6987951807228917,
    "support": 169,
    "confused_with": {
      "party_size_description": 5
    }
  },
  "rating_value": {
    "precision": 0.43010752688172044,
    "recall": 0.2564102564102564,
    "f1-score": 0.32128514056224894,
    "support": 156,
    "confused_with": {
      "party_size_number": 21
    }
  },
  "facility": {
    "precision": 1.0,
    "recall": 0.7692307692307693,
    "f1-score": 0.8695652173913044,
    "support": 13,
    "confused_with": {
      "reference": 1,
      "served_dish": 1
    }
  },
  "sort": {
    "precision": 0.5,
    "recall": 0.5241379310344828,
    "f1-score": 0.5117845117845118,
    "support": 145,
    "confused_with": {
      "party_size_description": 14
    }
  },
  "recurring_datetime": {
    "precision": 0.0,
    "recall": 0.0,
    "f1-score": 0.0,
    "support": 327,
    "confused_with": {
      "datetime": 106,
      "location": 29
    }
  },
  "reference": {
    "precision": 0.48128342245989303,
    "recall": 0.26239067055393583,
    "f1-score": 0.33962264150943394,
    "support": 343,
    "confused_with": {
      "datetime": 58
    }
  },
  "object_type": {
    "precision": 0.5960591133004927,
    "recall": 0.3548387096774194,
    "f1-score": 0.4448529411764706,
    "support": 341,
    "confused_with": {
      "movie_type": 54
    }
  },
  "reminder__todo": {
    "precision": 0.5964912280701754,
    "recall": 0.0625,
    "f1-score": 0.11314475873544093,
    "support": 544,
    "confused_with": {
      "artist": 116,
      "party_size_description": 114
    }
  },
  "weather__attribute": {
    "precision": 0.5901639344262295,
    "recall": 0.0782608695652174,
    "f1-score": 0.1381957773512476,
    "support": 460,
    "confused_with": {
      "artist": 33
    }
  },
  "track": {
    "precision": 0.0,
    "recall": 0.0,
    "f1-score": 0.0,
    "support": 10,
    "confused_with": {}
  },
  "micro avg": {
    "precision": 0.4204373240961247,
    "recall": 0.3651405471467519,
    "f1-score": 0.39084276729559747,
    "support": 10637
  },
  "macro avg": {
    "precision": 0.366388186647655,
    "recall": 0.33674976418229674,
    "f1-score": 0.3040632744385449,
    "support": 10637
  },
  "weighted avg": {
    "precision": 0.5293021437319747,
    "recall": 0.3651405471467519,
    "f1-score": 0.3702176843568771,
    "support": 10637
  },
  "accuracy": 0.6025461604442237
}