{
  "PlayMusic": {
    "precision": 0.3460620525059666,
    "recall": 0.6118143459915611,
    "f1-score": 0.4420731707317073,
    "support": 237,
    "confused_with": {
      "SearchCreativeWork": 47,
      "BookRestaurant": 22
    }
  },
  "reminder__show_reminders": {
    "precision": 0.0,
    "recall": 0.0,
    "f1-score": 0.0,
    "support": 95,
    "confused_with": {
      "SearchCreativeWork": 55,
      "reminder__set_reminder": 30,
      "SearchScreeningEvent": 3
    }
  },
  "weather__find": {
    "precision": 0.9649122807017544,
    "recall": 0.1480484522207268,
    "f1-score": 0.2567094515752626,
    "support": 743,
    "confused_with": {
      "PlayMusic": 131,
      "SearchCreativeWork": 117
    }
  },
  "alarm__cancel_alarm": {
    "precision": 0.2846153846153846,
    "recall": 0.27611940298507465,
    "f1-score": 0.2803030303030303,
    "support": 134,
    "confused_with": {
      "alarm__set_alarm": 56,
      "alarm__show_alarms": 38
    }
  },
  "RateBook": {
    "precision": 0.6818181818181818,
    "recall": 0.4716981132075472,
    "f1-score": 0.5576208178438662,
    "support": 159,
    "confused_with": {
      "AddToPlaylist": 31,
      "BookRestaurant": 19
    }
  },
  "SearchCreativeWork": {
    "precision": 0.322265625,
    "recall": 0.8823529411764706,
    "f1-score": 0.47210300429184554,
    "support": 187,
    "confused_with": {
      "SearchScreeningEvent": 17,
      "PlayMusic": 2
    }
  },
  "AddToPlaylist": {
    "precision": 0.42443729903536975,
    "recall": 0.6346153846153846,
    "f1-score": 0.5086705202312138,
    "support": 208,
    "confused_with": {
      "PlayMusic": 28,
      "SearchCreativeWork": 27
    }
  },
  "reminder__cancel_reminder": {
    "precision": 0.08,
    "recall": 0.022222222222222223,
    "f1-score": 0.034782608695652174,
    "support": 90,
    "confused_with": {
      "SearchCreativeWork": 34,
      "AddToPlaylist": 16,
      "reminder__set_reminder": 13
    }
  },
  "alarm__snooze_alarm": {
    "precision": 0.0,
    "recall": 0.0,
    "f1-score": 0.0,
    "support": 14,
    "confused_with": {
      "alarm__show_alarms": 9,
      "alarm__set_alarm": 5
    }
  },
  "alarm__show_alarms": {
    "precision": 0.22429906542056074,
    "recall": 0.5217391304347826,
    "f1-score": 0.3137254901960784,
    "support": 46,
    "confused_with": {
      "alarm__modify_alarm": 10,
      "alarm__set_alarm": 9
    }
  },
  "alarm__modify_alarm": {
    "precision": 0.05263157894736842,
    "recall": 0.09090909090909091,
    "f1-score": 0.06666666666666667,
    "support": 11,
    "confused_with": {
      "alarm__cancel_alarm": 9,
      "alarm__set_alarm": 1
    }
  },
  "reminder__set_reminder": {
    "precision": 0.2459016393442623,
    "recall": 0.10869565217391304,
    "f1-score": 0.15075376884422112,
    "support": 138,
    "confused_with": {
      "AddToPlaylist": 42,
      "PlayMusic": 39,
      "BookRestaurant": 23
    }
  },
  "SearchScreeningEvent": {
    "precision": 0.5546875,
    "recall": 0.5966386554621849,
    "f1-score": 0.5748987854251012,
    "support": 238,
    "confused_with": {
      "SearchCreativeWork": 44,
      "PlayMusic": 32
    }
  },
  "alarm__set_alarm": {
    "precision": 0.717391304347826,
    "recall": 0.9829787234042553,
    "f1-score": 0.8294434470377019,
    "support": 235,
    "confused_with": {
      "PlayMusic": 2,
      "alarm__modify_alarm": 1
    }
  },
  "BookRestaurant": {
    "precision": 0.5752427184466019,
    "recall": 0.8464285714285714,
    "f1-score": 0.6849710982658959,
    "support": 280,
    "confused_with": {
      "PlayMusic": 18,
      "AddToPlaylist": 11
    }
  },
  "accuracy": 0.4674955595026643,
  "macro avg": {
    "precision": 0.3649509753455518,
    "recall": 0.4129507124154524,
    "f1-score": 0.3448481240072162,
    "support": 2815
  },
  "weighted avg": {
    "precision": 0.5711340628139572,
    "recall": 0.4674955595026643,
    "f1-score": 0.41863293049990485,
    "support": 2815
  },
  "micro avg": {
    "precision": 0.4674955595026643,
    "recall": 0.4674955595026643,
    "f1-score": 0.4674955595026643,
    "support": 2815
  }
}