{
    "epoch": "20/20",
    "best_epoch": 8,
    "max_gpu_mem": "4.3775",
    "cur_ram": "1.4323",
    "time_epoch": "0:24:31",
    "time_total": "8:43:23",
    "best_train_intent_loss": 1.0981372964390952,
    "best_train_slots_loss": 12.184329265893949,
    "train_intent_loss": 0.13747572566787478,
    "train_slots_loss": 0.7386107798105466,
    "best_train_sum": 1.9959636571205492,
    "train_sum": 1.9959636571205492,
    "best_dev_intent_loss": 6.644701964177679,
    "best_dev_slots_loss": 104.69105516947232,
    "dev_intent_loss": 10.859839355867988,
    "dev_slots_loss": 163.8836810222039,
    "best_dev_sum": 1.7816265733171108,
    "dev_sum": 1.7617898308967768,
    "best_train_intent_accuracy": 0.9902075450063066,
    "best_train_slots_precision": 0.9683180280328662,
    "best_train_slots_recall": 0.972347937925428,
    "best_train_slots_span_f1": 0.9703287988037075,
    "train_intent_accuracy": 0.9983717463593624,
    "train_slots_precision": 0.9974285575663481,
    "train_slots_recall": 0.9977553174709102,
    "train_slots_span_f1": 0.9975919107611867,
    "best_dev_intent_accuracy": 0.9554545454545454,
    "best_dev_slots_precision": 0.8332807072939691,
    "best_dev_slots_recall": 0.8191836101195096,
    "best_dev_slots_span_f1": 0.8261720278625655,
    "dev_intent_accuracy": 0.9418181818181818,
    "dev_slots_precision": 0.8322941646682653,
    "dev_slots_recall": 0.8080086916032904,
    "dev_slots_span_f1": 0.819971649078595
}