{
    "epoch": "20/20",
    "best_epoch": 15,
    "max_gpu_mem": "2.4965",
    "cur_ram": "1.1867",
    "time_epoch": "0:01:43",
    "time_total": "0:34:25",
    "best_train_intent_loss": 0.31824817716754894,
    "best_train_slots_loss": 5.229040422747212,
    "train_intent_loss": 0.1788243685037859,
    "train_slots_loss": 2.660954608712145,
    "best_train_sum": 1.9936389054279435,
    "train_sum": 1.9936389054279435,
    "best_dev_intent_loss": 1.019137969875539,
    "best_dev_slots_loss": 24.893224716186523,
    "dev_intent_loss": 1.0048713540362024,
    "dev_slots_loss": 27.179333773526277,
    "best_dev_sum": 1.960300250208507,
    "dev_sum": 1.9450097303308311,
    "best_train_intent_accuracy": 0.998989898989899,
    "best_train_slots_precision": 0.9852157469485989,
    "best_train_slots_recall": 0.9889559965487489,
    "best_train_slots_span_f1": 0.9870823286255598,
    "train_intent_accuracy": 0.9993265993265993,
    "train_slots_precision": 0.9931141332415218,
    "train_slots_recall": 0.9955133735979292,
    "train_slots_span_f1": 0.9943123061013444,
    "best_dev_intent_accuracy": 0.9939393939393939,
    "best_dev_slots_precision": 0.9575757575757575,
    "best_dev_slots_recall": 0.9753086419753086,
    "best_dev_slots_span_f1": 0.9663608562691132,
    "dev_intent_accuracy": 0.9939393939393939,
    "dev_slots_precision": 0.9424242424242424,
    "dev_slots_recall": 0.9598765432098766,
    "dev_slots_span_f1": 0.9510703363914372
}