{
    "epoch": "20/20",
    "best_epoch": 6,
    "max_gpu_mem": "3.5610",
    "cur_ram": "1.3837",
    "time_epoch": "0:26:58",
    "time_total": "10:42:17",
    "best_train_intent_loss": 1.9157998268641363,
    "best_train_slots_loss": 86.09259008387794,
    "train_intent_loss": 0.03002657846846717,
    "train_slots_loss": 3.5210854969222654,
    "best_train_sum": 1.974550534063104,
    "train_sum": 1.974550534063104,
    "best_dev_intent_loss": 1.9098964641793623,
    "best_dev_slots_loss": 217.24452490419955,
    "dev_intent_loss": 2.120617316851498,
    "dev_slots_loss": 813.1636482015386,
    "best_dev_sum": 1.5458239784463403,
    "dev_sum": 1.5311200239898044,
    "best_train_intent_accuracy": 0.9810342850590529,
    "best_train_slots_precision": 0.7201273552403354,
    "best_train_slots_recall": 0.7266362982498202,
    "best_train_slots_span_f1": 0.723367184982756,
    "train_intent_accuracy": 0.9996330696021098,
    "train_slots_precision": 0.9608386398295713,
    "train_slots_recall": 0.989415008391273,
    "train_slots_span_f1": 0.9749174644609941,
    "best_dev_intent_accuracy": 0.9833333333333333,
    "best_dev_slots_precision": 0.5431420725538373,
    "best_dev_slots_recall": 0.5832686636659941,
    "best_dev_slots_span_f1": 0.5624906451130071,
    "dev_intent_accuracy": 0.99,
    "dev_slots_precision": 0.52334686774942,
    "dev_slots_recall": 0.560142790625485,
    "dev_slots_span_f1": 0.5411200239898043
}