{
    "epoch": "20/20",
    "best_epoch": 13,
    "max_gpu_mem": "2.7076",
    "cur_ram": "1.4338",
    "time_epoch": "0:31:58",
    "time_total": "10:31:35",
    "best_train_intent_loss": 0.626481835666038,
    "best_train_slots_loss": 34.7454129734725,
    "train_intent_loss": 0.21030536631432017,
    "train_slots_loss": 13.328366639941208,
    "best_train_sum": 1.9446754611548331,
    "train_sum": 1.9446754611548331,
    "best_dev_intent_loss": 1.8346583080747223,
    "best_dev_slots_loss": 306.1267467828897,
    "dev_intent_loss": 2.0545041578110474,
    "dev_slots_loss": 459.7772473692894,
    "best_dev_sum": 1.551079941580093,
    "dev_sum": 1.536998504739564,
    "best_train_intent_accuracy": 0.9936475174865268,
    "best_train_slots_precision": 0.8651476236480595,
    "best_train_slots_recall": 0.880268520738432,
    "best_train_slots_span_f1": 0.8726425744809801,
    "train_intent_accuracy": 0.997958949661736,
    "train_slots_precision": 0.9344566664331255,
    "train_slots_recall": 0.9593023255813954,
    "train_slots_span_f1": 0.9467165114930971,
    "best_dev_intent_accuracy": 0.9872727272727273,
    "best_dev_slots_precision": 0.5508662816525989,
    "best_dev_slots_recall": 0.5773707900046562,
    "best_dev_slots_span_f1": 0.5638072143073658,
    "dev_intent_accuracy": 0.9884848484848485,
    "dev_slots_precision": 0.5336954925855234,
    "dev_slots_recall": 0.5641781778674531,
    "dev_slots_span_f1": 0.5485136562547155
}