{
    "epoch": "20/20",
    "best_epoch": 17,
    "max_gpu_mem": "3.0389",
    "cur_ram": "1.4500",
    "time_epoch": "0:35:06",
    "time_total": "12:18:39",
    "best_train_intent_loss": 0.3708215163464181,
    "best_train_slots_loss": 21.407359804473323,
    "best_train_upos_loss": 0.046413353113191835,
    "train_intent_loss": 0.2685551242735685,
    "train_slots_loss": 16.23185861683091,
    "train_upos_loss": 0.04489432866753143,
    "best_train_sum": 2.5941832165291547,
    "train_sum": 2.5941832165291547,
    "best_dev_intent_loss": 2.689619970478874,
    "best_dev_slots_loss": 314.42754720687867,
    "best_dev_upos_loss": 0.14668767900019883,
    "dev_intent_loss": 2.9213299231652634,
    "dev_slots_loss": 348.34031092071535,
    "dev_upos_loss": 0.14322150787711144,
    "best_dev_sum": 2.214408503739044,
    "dev_sum": 2.2100985217933253,
    "best_train_intent_accuracy": 0.9959637656232083,
    "best_train_slots_precision": 0.8988552298904392,
    "best_train_slots_recall": 0.920534643970271,
    "best_train_slots_span_f1": 0.9095657735768603,
    "best_train_upos_accuracy": 0.6602528862012095,
    "train_intent_accuracy": 0.9970416236670107,
    "train_slots_precision": 0.9165283847897726,
    "train_slots_recall": 0.9401941980340446,
    "train_slots_span_f1": 0.9282104690107341,
    "train_upos_accuracy": 0.6689311238514097,
    "best_dev_intent_accuracy": 0.9803030303030303,
    "best_dev_slots_precision": 0.524304053079475,
    "best_dev_slots_recall": 0.5641781778674531,
    "best_dev_slots_span_f1": 0.5435107655502392,
    "best_dev_upos_accuracy": 0.6905947078857742,
    "dev_intent_accuracy": 0.9778787878787879,
    "dev_slots_precision": 0.5194524495677233,
    "dev_slots_recall": 0.5595219618190284,
    "dev_slots_span_f1": 0.5387431816483598,
    "dev_upos_accuracy": 0.6934765522661777
}