{
    "epoch": "20/20",
    "best_epoch": 13,
    "max_gpu_mem": "2.7049",
    "cur_ram": "1.4161",
    "time_epoch": "0:11:35",
    "time_total": "6:01:01",
    "best_train_dialect_loss": 1.1750292024769626,
    "best_train_intent_loss": 0.614644527874059,
    "best_train_slots_loss": 34.47545924029507,
    "train_dialect_loss": 0.6708099832246591,
    "train_intent_loss": 0.28880098686362204,
    "train_slots_loss": 16.162657665027368,
    "best_train_sum": 2.7979393219797064,
    "train_sum": 2.7979393219797064,
    "best_dev_dialect_loss": 1.6411488201307214,
    "best_dev_intent_loss": 15.041543477579303,
    "best_dev_slots_loss": 282.3395626731541,
    "dev_dialect_loss": 1.6164854402127473,
    "dev_intent_loss": 18.553539140328116,
    "dev_slots_loss": 376.5687957266103,
    "best_dev_sum": 2.170100386813642,
    "dev_sum": 2.142682462331261,
    "best_train_dialect_accuracy": 0.7568204782755137,
    "best_train_intent_accuracy": 0.9936475174865268,
    "best_train_slots_precision": 0.8550208662438403,
    "best_train_slots_recall": 0.8694317909374251,
    "best_train_slots_span_f1": 0.8621661139046397,
    "train_dialect_accuracy": 0.8726844055237454,
    "train_intent_accuracy": 0.9967434927187249,
    "train_slots_precision": 0.9166141051697152,
    "train_slots_recall": 0.9407216494845361,
    "train_slots_span_f1": 0.9285114237372363,
    "best_dev_dialect_accuracy": 0.7575757575757576,
    "best_dev_intent_accuracy": 0.8839393939393939,
    "best_dev_slots_precision": 0.507277397260274,
    "best_dev_slots_recall": 0.5517616017383207,
    "best_dev_slots_span_f1": 0.5285852352984908,
    "dev_dialect_accuracy": 0.7606060606060606,
    "dev_intent_accuracy": 0.8633333333333333,
    "dev_slots_precision": 0.495340299350466,
    "dev_slots_recall": 0.5444668632624554,
    "dev_slots_span_f1": 0.5187430683918669
}