{
    "epoch": "20/20",
    "best_epoch": 9,
    "max_gpu_mem": "3.9469",
    "cur_ram": "1.1269",
    "time_epoch": "0:01:34",
    "time_total": "0:34:11",
    "best_train_intent_loss": 0.6836478542652913,
    "best_train_slots_loss": 15.015108923912049,
    "train_intent_loss": 0.07650409407421194,
    "train_slots_loss": 1.8348378944396972,
    "best_train_sum": 1.991748519679554,
    "train_sum": 1.991748519679554,
    "best_dev_intent_loss": 1.8431004979684076,
    "best_dev_slots_loss": 36.761929512023926,
    "dev_intent_loss": 1.9730852535297647,
    "dev_slots_loss": 64.64112281799316,
    "best_dev_sum": 1.9405042794355771,
    "dev_sum": 1.9352056029401568,
    "best_train_intent_accuracy": 0.9959595959595959,
    "best_train_slots_precision": 0.9549580407604041,
    "best_train_slots_recall": 0.9622088006902502,
    "best_train_slots_span_f1": 0.9585697094722365,
    "train_intent_accuracy": 0.998989898989899,
    "train_slots_precision": 0.9919035314384151,
    "train_slots_recall": 0.9936151855047455,
    "train_slots_span_f1": 0.992758620689655,
    "best_dev_intent_accuracy": 0.9939393939393939,
    "best_dev_slots_precision": 0.9365558912386707,
    "best_dev_slots_recall": 0.9567901234567902,
    "best_dev_slots_span_f1": 0.9465648854961832,
    "dev_intent_accuracy": 0.9939393939393939,
    "dev_slots_precision": 0.9306184012066365,
    "dev_slots_recall": 0.9521604938271605,
    "dev_slots_span_f1": 0.9412662090007627
}