{
    "epoch": "20/20",
    "best_epoch": 8,
    "max_gpu_mem": "4.0735",
    "cur_ram": "1.4310",
    "time_epoch": "0:29:14",
    "time_total": "6:50:11",
    "best_train_intent_loss": 1.345340421562472,
    "best_train_slots_loss": 12.703541975378203,
    "train_intent_loss": 0.15366879726337368,
    "train_slots_loss": 0.8465257310202606,
    "best_train_sum": 1.995386912925925,
    "train_sum": 1.995386912925925,
    "best_dev_intent_loss": 5.163644625558495,
    "best_dev_slots_loss": 101.5084785085458,
    "dev_intent_loss": 7.024398876311247,
    "dev_slots_loss": 172.78094553030454,
    "best_dev_sum": 1.7782945736434108,
    "dev_sum": 1.7679589849344104,
    "best_train_intent_accuracy": 0.9878454305698888,
    "best_train_slots_precision": 0.9672099457526369,
    "best_train_slots_recall": 0.9713408641421066,
    "best_train_slots_span_f1": 0.9692710035959463,
    "train_intent_accuracy": 0.99828001375989,
    "train_slots_precision": 0.9968590070096291,
    "train_slots_recall": 0.9973549146413968,
    "train_slots_span_f1": 0.9971068991660349,
    "best_dev_intent_accuracy": 0.9636363636363636,
    "best_dev_slots_precision": 0.8220606826801518,
    "best_dev_slots_recall": 0.8073878627968337,
    "best_dev_slots_span_f1": 0.8146582100070473,
    "dev_intent_accuracy": 0.9603030303030303,
    "dev_slots_precision": 0.8199264353110507,
    "dev_slots_recall": 0.7957473226757722,
    "dev_slots_span_f1": 0.8076559546313801
}