{
    "epoch": "20/20",
    "best_epoch": 7,
    "max_gpu_mem": "3.2155",
    "cur_ram": "1.4196",
    "time_epoch": "0:00:38",
    "time_total": "0:12:39",
    "best_train_intent_loss": 0.9761805223521366,
    "best_train_slots_loss": 19.918540508516372,
    "train_intent_loss": 0.08181885612868173,
    "train_slots_loss": 1.7097376033823977,
    "best_train_sum": 1.9955246550694041,
    "train_sum": 1.9955246550694041,
    "best_dev_intent_loss": 0.8089065439999104,
    "best_dev_slots_loss": 23.043190696022727,
    "dev_intent_loss": 1.3455662965478206,
    "dev_slots_loss": 33.080080552534625,
    "best_dev_sum": 1.954952890247008,
    "dev_sum": 1.9448968209704405,
    "best_train_intent_accuracy": 0.9966329966329966,
    "best_train_slots_precision": 0.9512650704703685,
    "best_train_slots_recall": 0.9666954270923209,
    "best_train_slots_span_f1": 0.9589181787059226,
    "train_intent_accuracy": 0.9996632996632997,
    "train_slots_precision": 0.9951749095295537,
    "train_slots_recall": 0.996548748921484,
    "train_slots_span_f1": 0.9958613554061045,
    "best_dev_intent_accuracy": 0.996969696969697,
    "best_dev_slots_precision": 0.9485627836611196,
    "best_dev_slots_recall": 0.9675925925925926,
    "best_dev_slots_span_f1": 0.957983193277311,
    "dev_intent_accuracy": 0.990909090909091,
    "dev_slots_precision": 0.948170731707317,
    "dev_slots_recall": 0.9598765432098766,
    "dev_slots_span_f1": 0.9539877300613496
}