{
    "epoch": "20/20",
    "best_epoch": 14,
    "max_gpu_mem": "2.4978",
    "cur_ram": "1.1743",
    "time_epoch": "0:01:54",
    "time_total": "0:30:11",
    "best_train_intent_loss": 0.4260916931013907,
    "best_train_slots_loss": 6.336688410851263,
    "train_intent_loss": 0.18308651939995826,
    "train_slots_loss": 2.4286832501811366,
    "best_train_sum": 1.9937265304026741,
    "train_sum": 1.9937265304026741,
    "best_dev_intent_loss": 0.6992418686435982,
    "best_dev_slots_loss": 24.878752621737394,
    "dev_intent_loss": 0.8745468005918983,
    "dev_slots_loss": 30.248900500210848,
    "best_dev_sum": 1.9504403300741973,
    "dev_sum": 1.9406669434066695,
    "best_train_intent_accuracy": 0.9983164983164983,
    "best_train_slots_precision": 0.9829779917469051,
    "best_train_slots_recall": 0.9865401207937877,
    "best_train_slots_span_f1": 0.9847558349840668,
    "train_intent_accuracy": 0.9993265993265993,
    "train_slots_precision": 0.9929456297315898,
    "train_slots_recall": 0.9958584987057808,
    "train_slots_span_f1": 0.9943999310760748,
    "best_dev_intent_accuracy": 0.996969696969697,
    "best_dev_slots_precision": 0.942684766214178,
    "best_dev_slots_recall": 0.9645061728395061,
    "best_dev_slots_span_f1": 0.9534706331045003,
    "dev_intent_accuracy": 0.9939393939393939,
    "dev_slots_precision": 0.933933933933934,
    "dev_slots_recall": 0.9598765432098766,
    "dev_slots_span_f1": 0.9467275494672756
}