{
    "epoch": "20/20",
    "best_epoch": 5,
    "max_gpu_mem": "2.7021",
    "cur_ram": "1.4286",
    "time_epoch": "0:31:58",
    "time_total": "10:32:03",
    "best_train_intent_loss": 3.9458882139902767,
    "best_train_slots_loss": 111.81924228780163,
    "train_intent_loss": 0.2129728839957466,
    "train_slots_loss": 13.315141275536027,
    "best_train_sum": 1.9417717623382158,
    "train_sum": 1.9417717623382158,
    "best_dev_intent_loss": 2.244085926678963,
    "best_dev_slots_loss": 228.51547082112387,
    "dev_intent_loss": 3.5335849765675063,
    "dev_slots_loss": 458.86582084343985,
    "best_dev_sum": 1.5384481998031831,
    "dev_sum": 1.5235172192352624,
    "best_train_intent_accuracy": 0.9654626762985896,
    "best_train_slots_precision": 0.6740577026461979,
    "best_train_slots_recall": 0.6763605849916088,
    "best_train_slots_span_f1": 0.6752071802543007,
    "train_intent_accuracy": 0.9979360165118679,
    "train_slots_precision": 0.9298059923699638,
    "train_slots_recall": 0.9582953728122753,
    "train_slots_span_f1": 0.9438357458263478,
    "best_dev_intent_accuracy": 0.9821212121212122,
    "best_dev_slots_precision": 0.5359608745684695,
    "best_dev_slots_recall": 0.5783020332143411,
    "best_dev_slots_span_f1": 0.5563269876819709,
    "dev_intent_accuracy": 0.9854545454545455,
    "dev_slots_precision": 0.5215617715617715,
    "dev_slots_recall": 0.5556417817786745,
    "dev_slots_span_f1": 0.5380626737807169
}