{
    "epoch": "20/20",
    "best_epoch": 10,
    "max_gpu_mem": "2.7110",
    "cur_ram": "1.4287",
    "time_epoch": "0:21:27",
    "time_total": "7:21:06",
    "best_train_intent_loss": 1.0639286375624557,
    "best_train_slots_loss": 54.94169197831185,
    "train_intent_loss": 0.3016834165576704,
    "train_slots_loss": 17.540409059797415,
    "best_train_sum": 1.9243439037634356,
    "train_sum": 1.9243439037634356,
    "best_dev_intent_loss": 2.974633681818467,
    "best_dev_slots_loss": 253.95674520272476,
    "dev_intent_loss": 3.875814839161019,
    "dev_slots_loss": 414.3900403013596,
    "best_dev_sum": 1.5262012583832703,
    "dev_sum": 1.5183332765307722,
    "best_train_intent_accuracy": 0.9898864809081528,
    "best_train_slots_precision": 0.8061275442267453,
    "best_train_slots_recall": 0.81281467274035,
    "best_train_slots_span_f1": 0.8094572977102882,
    "train_intent_accuracy": 0.9966517601192524,
    "train_slots_precision": 0.9170121565596233,
    "train_slots_recall": 0.9386238312155358,
    "train_slots_span_f1": 0.9276921436441833,
    "best_dev_intent_accuracy": 0.9760606060606061,
    "best_dev_slots_precision": 0.5391148860080465,
    "best_dev_slots_recall": 0.5616268239677119,
    "best_dev_slots_span_f1": 0.5501406523226641,
    "dev_intent_accuracy": 0.9781818181818182,
    "dev_slots_precision": 0.5224075416968817,
    "dev_slots_recall": 0.5591431232536479,
    "dev_slots_span_f1": 0.540151458348954
}