{
    "epoch": "20/20",
    "best_epoch": 11,
    "max_gpu_mem": "12.3898",
    "cur_ram": "1.5778",
    "time_epoch": "0:28:48",
    "time_total": "10:00:43",
    "best_train_intent_loss": 0.9760259276808938,
    "best_train_slots_loss": 52.01341182220716,
    "train_intent_loss": 0.34826920277832857,
    "train_slots_loss": 21.182791668648594,
    "best_train_sum": 1.9102388569438058,
    "train_sum": 1.9102388569438058,
    "best_dev_intent_loss": 3.1039937049925075,
    "best_dev_slots_loss": 260.36790653833975,
    "dev_intent_loss": 3.5683193994381535,
    "dev_slots_loss": 372.08082500329385,
    "best_dev_sum": 1.5372952121624688,
    "dev_sum": 1.527795743276687,
    "best_train_intent_accuracy": 0.9910102052516914,
    "best_train_slots_precision": 0.8173138965228821,
    "best_train_slots_recall": 0.8199592423879166,
    "best_train_slots_span_f1": 0.81863443240979,
    "train_intent_accuracy": 0.9962848297213622,
    "train_slots_precision": 0.9060037457153963,
    "train_slots_recall": 0.9220450731239511,
    "train_slots_span_f1": 0.9139540272224435,
    "best_dev_intent_accuracy": 0.98,
    "best_dev_slots_precision": 0.5435231631749778,
    "best_dev_slots_recall": 0.5717833307465466,
    "best_dev_slots_span_f1": 0.5572952121624687,
    "dev_intent_accuracy": 0.9821212121212122,
    "dev_slots_precision": 0.5320749152042472,
    "dev_slots_recall": 0.5599875834238709,
    "dev_slots_span_f1": 0.5456745311554748
}