{
    "epoch": "20/20",
    "best_epoch": 19,
    "max_gpu_mem": "3.5616",
    "cur_ram": "1.3761",
    "time_epoch": "0:14:59",
    "time_total": "5:26:56",
    "best_train_intent_loss": 0.057089927636374764,
    "best_train_slots_loss": 0.2685966150162962,
    "train_intent_loss": 0.03835972681947509,
    "train_slots_loss": 0.18041634099871,
    "best_train_sum": 1.99856126544466,
    "train_sum": 1.99856126544466,
    "best_dev_intent_loss": 8.365185289978989,
    "best_dev_slots_loss": 289.5710675308296,
    "dev_intent_loss": 9.715030084652858,
    "dev_slots_loss": 300.8979927655813,
    "best_dev_sum": 1.7647637477826157,
    "dev_sum": 1.7621519880620715,
    "best_train_intent_accuracy": 0.9993808049535604,
    "best_train_slots_precision": 0.9986899086575203,
    "best_train_slots_recall": 0.9989322591212978,
    "best_train_slots_span_f1": 0.9988110691884939,
    "train_intent_accuracy": 0.999495470702901,
    "train_slots_precision": 0.9989930728263111,
    "train_slots_recall": 0.9991385272455925,
    "train_slots_span_f1": 0.9990657947417589,
    "best_dev_intent_accuracy": 0.9666666666666667,
    "best_dev_slots_precision": 0.8303691275167785,
    "best_dev_slots_recall": 0.7682396771189072,
    "best_dev_slots_span_f1": 0.798097081115949,
    "dev_intent_accuracy": 0.9645454545454546,
    "dev_slots_precision": 0.8324050632911393,
    "dev_slots_recall": 0.7656007451102143,
    "dev_slots_span_f1": 0.7976065335166168
}