{
    "epoch": "20/20",
    "best_epoch": 16,
    "max_gpu_mem": "3.9437",
    "cur_ram": "1.0965",
    "time_epoch": "0:01:17",
    "time_total": "0:34:31",
    "best_train_intent_loss": 0.10361082571449515,
    "best_train_slots_loss": 3.7497812366485594,
    "train_intent_loss": 0.05097283608401085,
    "train_slots_loss": 1.9848530960083008,
    "best_train_sum": 1.9912231510507374,
    "train_sum": 1.9912231510507374,
    "best_dev_intent_loss": 1.7792033326256818,
    "best_dev_slots_loss": 50.69978109995524,
    "dev_intent_loss": 1.8528940189292484,
    "dev_slots_loss": 67.96686331431071,
    "best_dev_sum": 1.9313439740920657,
    "dev_sum": 1.9246324632463248,
    "best_train_intent_accuracy": 0.9986531986531987,
    "best_train_slots_precision": 0.9852030282174811,
    "best_train_slots_recall": 0.9880931837791199,
    "best_train_slots_span_f1": 0.9866459894891013,
    "train_intent_accuracy": 0.9993265993265993,
    "train_slots_precision": 0.9910422049956934,
    "train_slots_recall": 0.9927523727351165,
    "train_slots_span_f1": 0.991896551724138,
    "best_dev_intent_accuracy": 0.9939393939393939,
    "best_dev_slots_precision": 0.9274924471299094,
    "best_dev_slots_recall": 0.9475308641975309,
    "best_dev_slots_span_f1": 0.9374045801526717,
    "dev_intent_accuracy": 0.9939393939393939,
    "dev_slots_precision": 0.9187969924812031,
    "dev_slots_recall": 0.9429012345679012,
    "dev_slots_span_f1": 0.9306930693069307
}