{
    "epoch": "20/20",
    "best_epoch": 13,
    "max_gpu_mem": "2.7011",
    "cur_ram": "1.4126",
    "time_epoch": "0:18:03",
    "time_total": "6:18:08",
    "best_train_dialect_loss": 0.8573166331747076,
    "best_train_intent_loss": 0.4494249511656782,
    "best_train_slots_loss": 3.931849030347971,
    "train_dialect_loss": 0.39194475712029486,
    "train_intent_loss": 0.15160473175489908,
    "train_slots_loss": 0.7083886462253529,
    "best_train_sum": 2.915581949086177,
    "train_sum": 2.915581949086177,
    "best_dev_dialect_loss": 1.4930767100790272,
    "best_dev_intent_loss": 21.76290692453799,
    "best_dev_slots_loss": 138.40335801166037,
    "dev_dialect_loss": 1.8352415437283722,
    "dev_intent_loss": 30.118276587776517,
    "dev_slots_loss": 164.14164552273957,
    "best_dev_sum": 2.349177987332725,
    "dev_sum": 2.2542386806951176,
    "best_train_dialect_accuracy": 0.8309195015156619,
    "best_train_intent_accuracy": 0.9955280357757138,
    "best_train_slots_precision": 0.9874262594939008,
    "best_train_slots_recall": 0.9890556559933024,
    "best_train_slots_span_f1": 0.9882402861126265,
    "train_dialect_accuracy": 0.9198383294038397,
    "train_intent_accuracy": 0.9981882811604174,
    "train_slots_precision": 0.997464576863354,
    "train_slots_recall": 0.9976461166992246,
    "train_slots_span_f1": 0.99755533852192,
    "best_dev_dialect_accuracy": 0.796969696969697,
    "best_dev_intent_accuracy": 0.8118181818181818,
    "best_dev_slots_precision": 0.7807228915662651,
    "best_dev_slots_recall": 0.7040198665218066,
    "best_dev_slots_span_f1": 0.7403901085448462,
    "dev_dialect_accuracy": 0.7818181818181819,
    "dev_intent_accuracy": 0.7336363636363636,
    "dev_slots_precision": 0.7754649377239379,
    "dev_slots_recall": 0.705416731336334,
    "dev_slots_span_f1": 0.7387841352405722
}