{
    "epoch": "20/20",
    "best_epoch": 8,
    "max_gpu_mem": "7.2479",
    "cur_ram": "1.5032",
    "time_epoch": "0:17:31",
    "time_total": "5:43:09",
    "best_train_intent_loss": 2.3344888276156976,
    "best_train_slots_loss": 82.69314540656082,
    "train_intent_loss": 0.2614539919171945,
    "train_slots_loss": 16.998720253317938,
    "best_train_sum": 1.9311671058221425,
    "train_sum": 1.9311671058221425,
    "best_dev_intent_loss": 1.0488509673965523,
    "best_dev_slots_loss": 223.55375971243933,
    "dev_intent_loss": 1.226875160147756,
    "dev_slots_loss": 414.59136856977756,
    "best_dev_sum": 1.5700879137977983,
    "dev_sum": 1.542670594376911,
    "best_train_intent_accuracy": 0.9797500286664373,
    "best_train_slots_precision": 0.7413372612464685,
    "best_train_slots_recall": 0.7360584991608727,
    "best_train_slots_span_f1": 0.7386884496469088,
    "train_intent_accuracy": 0.9972250888659557,
    "train_slots_precision": 0.9239178885630499,
    "train_slots_recall": 0.9441860465116279,
    "train_slots_span_f1": 0.9339420169561867,
    "best_dev_intent_accuracy": 0.9924242424242424,
    "best_dev_slots_precision": 0.5625,
    "best_dev_slots_recall": 0.5936675461741425,
    "best_dev_slots_span_f1": 0.5776636713735558,
    "dev_intent_accuracy": 0.9936363636363637,
    "dev_slots_precision": 0.5284237726098191,
    "dev_slots_recall": 0.5713177091417042,
    "dev_slots_span_f1": 0.5490342307405474
}