{
    "epoch": "20/20",
    "best_epoch": 19,
    "max_gpu_mem": "3.0530",
    "cur_ram": "1.4285",
    "time_epoch": "0:35:12",
    "time_total": "12:18:44",
    "best_train_intent_loss": 0.327162090476255,
    "best_train_slots_loss": 17.685203211458507,
    "best_train_upos_loss": 0.043118995563797884,
    "train_intent_loss": 0.271046946526182,
    "train_slots_loss": 16.298445844948915,
    "train_upos_loss": 0.04272259607983697,
    "best_train_sum": 2.618329091571841,
    "train_sum": 2.618329091571841,
    "best_dev_intent_loss": 4.191247367854114,
    "best_dev_slots_loss": 329.300767993927,
    "best_dev_upos_loss": 0.13475485018268227,
    "dev_intent_loss": 4.450208463603397,
    "dev_slots_loss": 339.690711894989,
    "dev_upos_loss": 0.13474255651980638,
    "best_dev_sum": 2.237230716166065,
    "dev_sum": 2.228388476573432,
    "best_train_intent_accuracy": 0.9962160302717579,
    "best_train_slots_precision": 0.9105530342020306,
    "best_train_slots_recall": 0.9331695037161353,
    "best_train_slots_span_f1": 0.9217225537558019,
    "best_train_upos_accuracy": 0.6927668263567109,
    "train_intent_accuracy": 0.9968810916179337,
    "train_slots_precision": 0.916068070593457,
    "train_slots_recall": 0.9401941980340446,
    "train_slots_span_f1": 0.927974348811207,
    "train_upos_accuracy": 0.6934736511427001,
    "best_dev_intent_accuracy": 0.9757575757575757,
    "best_dev_slots_precision": 0.5245190221322147,
    "best_dev_slots_recall": 0.5627813130529257,
    "best_dev_slots_span_f1": 0.5429769392033543,
    "best_dev_upos_accuracy": 0.7184962012051349,
    "dev_intent_accuracy": 0.9733333333333334,
    "dev_slots_precision": 0.5212996389891696,
    "dev_slots_recall": 0.5602979978270992,
    "dev_slots_span_f1": 0.540095751047277,
    "dev_upos_accuracy": 0.7149593921928216
}