{
    "epoch": "20/20",
    "best_epoch": 19,
    "max_gpu_mem": "3.1456",
    "cur_ram": "1.4336",
    "time_epoch": "0:09:17",
    "time_total": "11:15:52",
    "best_train_intent_loss": 0.1397297295645957,
    "best_train_slots_loss": 1.0194530221179225,
    "train_intent_loss": 0.11908583264255872,
    "train_slots_loss": 0.7687833391386887,
    "best_train_sum": 1.995863016940191,
    "train_sum": 1.995863016940191,
    "best_dev_intent_loss": 10.054746817731939,
    "best_dev_slots_loss": 164.5891623038512,
    "dev_intent_loss": 10.319808665405127,
    "dev_slots_loss": 173.5536567706328,
    "best_dev_sum": 1.7582922854993073,
    "dev_sum": 1.7391426494708806,
    "best_train_intent_accuracy": 0.9983029469097581,
    "best_train_slots_precision": 0.9960232783705141,
    "best_train_slots_recall": 0.9967846439448173,
    "best_train_slots_span_f1": 0.9964038157152648,
    "train_intent_accuracy": 0.9986469441577801,
    "train_slots_precision": 0.996968153484198,
    "train_slots_recall": 0.9974641154130822,
    "train_slots_span_f1": 0.997216072782411,
    "best_dev_intent_accuracy": 0.9506060606060606,
    "best_dev_slots_precision": 0.8233113009833951,
    "best_dev_slots_recall": 0.7926431786434891,
    "best_dev_slots_span_f1": 0.8076862248932468,
    "dev_intent_accuracy": 0.946969696969697,
    "dev_slots_precision": 0.8056491734874017,
    "dev_slots_recall": 0.7791401521030575,
    "dev_slots_span_f1": 0.7921729525011836
}