{
    "epoch": "20/20",
    "best_epoch": 6,
    "max_gpu_mem": "7.2545",
    "cur_ram": "1.5114",
    "time_epoch": "0:32:26",
    "time_total": "11:15:12",
    "best_train_intent_loss": 3.7512690582697736,
    "best_train_slots_loss": 108.53583530177119,
    "train_intent_loss": 0.27660664523384315,
    "train_slots_loss": 17.291903168225218,
    "best_train_sum": 1.9311691532898898,
    "train_sum": 1.9311691532898898,
    "best_dev_intent_loss": 1.3132779314899101,
    "best_dev_slots_loss": 200.0025187455691,
    "dev_intent_loss": 1.155039882622217,
    "dev_slots_loss": 411.52375571085855,
    "best_dev_sum": 1.56355670995671,
    "dev_sum": 1.5439277215270049,
    "best_train_intent_accuracy": 0.9659901387455567,
    "best_train_slots_precision": 0.6892109695948812,
    "best_train_slots_recall": 0.6817669623591465,
    "best_train_slots_span_f1": 0.6854687565912775,
    "train_intent_accuracy": 0.9975002866643734,
    "train_slots_precision": 0.9246250058776508,
    "train_slots_recall": 0.9428913929513306,
    "train_slots_span_f1": 0.9336688666255163,
    "best_dev_intent_accuracy": 0.990909090909091,
    "best_dev_slots_precision": 0.5624064651302005,
    "best_dev_slots_recall": 0.5832686636659941,
    "best_dev_slots_span_f1": 0.5726476190476191,
    "dev_intent_accuracy": 0.9921212121212121,
    "dev_slots_precision": 0.5315691068603481,
    "dev_slots_recall": 0.5736458171659164,
    "dev_slots_span_f1": 0.5518065094057928
}