{
    "epoch": "20/20",
    "best_epoch": 12,
    "max_gpu_mem": "4.7310",
    "cur_ram": "1.3872",
    "time_epoch": "0:02:39",
    "time_total": "2:20:15",
    "best_train_intent_loss": 0.8583634318753558,
    "best_train_slots_loss": 42.22471838634152,
    "train_intent_loss": 0.3480222243395438,
    "train_slots_loss": 17.936396826214416,
    "best_train_sum": 1.9234905875594,
    "train_sum": 1.9234905875594,
    "best_dev_intent_loss": 3.8835827846062156,
    "best_dev_slots_loss": 291.10544339510113,
    "dev_intent_loss": 6.4090347555833995,
    "dev_slots_loss": 422.78889549695526,
    "best_dev_sum": 1.5072467374474674,
    "dev_sum": 1.4992303062222556,
    "best_train_intent_accuracy": 0.9916752665978672,
    "best_train_slots_precision": 0.8422037471280703,
    "best_train_slots_recall": 0.8524814193239031,
    "best_train_slots_span_f1": 0.8473114179842486,
    "train_intent_accuracy": 0.9964224286205711,
    "train_slots_precision": 0.9160561732007022,
    "train_slots_recall": 0.9383481179573244,
    "train_slots_span_f1": 0.9270681589388288,
    "best_dev_intent_accuracy": 0.9727272727272728,
    "best_dev_slots_precision": 0.5239230883887316,
    "best_dev_slots_recall": 0.5455533136737545,
    "best_dev_slots_span_f1": 0.5345194647201946,
    "dev_intent_accuracy": 0.97,
    "dev_slots_precision": 0.5135806074766355,
    "dev_slots_recall": 0.5458637280769828,
    "dev_slots_span_f1": 0.5292303062222556
}