{
    "epoch": "20/20",
    "best_epoch": 11,
    "max_gpu_mem": "3.1445",
    "cur_ram": "1.4147",
    "time_epoch": "0:15:44",
    "time_total": "5:14:29",
    "best_train_intent_loss": 0.8634316879301555,
    "best_train_slots_loss": 47.756624907845534,
    "train_intent_loss": 0.30474656976223735,
    "train_slots_loss": 17.627481906972033,
    "best_train_sum": 1.9231747843374356,
    "train_sum": 1.9231747843374356,
    "best_dev_intent_loss": 6.579730959636016,
    "best_dev_slots_loss": 266.4117946716455,
    "dev_intent_loss": 7.554607476900296,
    "dev_slots_loss": 410.32547049339,
    "best_dev_sum": 1.4946968433290366,
    "dev_sum": 1.4769960789105117,
    "best_train_intent_accuracy": 0.9918587317968123,
    "best_train_slots_precision": 0.8265762019059388,
    "best_train_slots_recall": 0.8338887556940782,
    "best_train_slots_span_f1": 0.8302163768513766,
    "train_intent_accuracy": 0.9967205595688567,
    "train_slots_precision": 0.9149948559670782,
    "train_slots_recall": 0.9382042675617358,
    "train_slots_span_f1": 0.9264542247685789,
    "best_dev_intent_accuracy": 0.9493939393939393,
    "best_dev_slots_precision": 0.533056626148829,
    "best_dev_slots_recall": 0.558125097004501,
    "best_dev_slots_span_f1": 0.5453029039350974,
    "dev_intent_accuracy": 0.9503030303030303,
    "dev_slots_precision": 0.5074820143884892,
    "dev_slots_recall": 0.5474158000931243,
    "dev_slots_span_f1": 0.5266930486074815
}