{
    "epoch": "20/20",
    "best_epoch": 19,
    "max_gpu_mem": "7.2481",
    "cur_ram": "1.4799",
    "time_epoch": "0:14:31",
    "time_total": "5:35:07",
    "best_train_intent_loss": 0.1542098684145002,
    "best_train_slots_loss": 0.775074250717331,
    "train_intent_loss": 0.11077279530125135,
    "train_slots_loss": 0.6082045841287009,
    "best_train_sum": 1.9970085205133485,
    "train_sum": 1.9970085205133485,
    "best_dev_intent_loss": 7.467198160274906,
    "best_dev_slots_loss": 217.56049984693527,
    "dev_intent_loss": 7.576513811171286,
    "dev_slots_loss": 226.35226023197174,
    "best_dev_sum": 1.7445928388551342,
    "dev_sum": 1.7402270804491617,
    "best_train_intent_accuracy": 0.9985093452585713,
    "best_train_slots_precision": 0.9973673036093418,
    "best_train_slots_recall": 0.9974641154130822,
    "best_train_slots_span_f1": 0.9974157071620098,
    "train_intent_accuracy": 0.9989680082559339,
    "train_slots_precision": 0.9980102399844701,
    "train_slots_recall": 0.9980707863668903,
    "train_slots_span_f1": 0.9980405122574147,
    "best_dev_intent_accuracy": 0.9621212121212122,
    "best_dev_slots_precision": 0.7947486391290426,
    "best_dev_slots_recall": 0.7705681465383422,
    "best_dev_slots_span_f1": 0.7824716267339219,
    "dev_intent_accuracy": 0.9615151515151515,
    "dev_slots_precision": 0.7961401232565682,
    "dev_slots_recall": 0.7620304253337473,
    "dev_slots_span_f1": 0.7787119289340102
}