{
    "epoch": "20/20",
    "best_epoch": 20,
    "max_gpu_mem": "2.6994",
    "cur_ram": "1.4425",
    "time_epoch": "0:15:45",
    "time_total": "5:07:51",
    "best_train_intent_loss": 0.13280039815075118,
    "best_train_slots_loss": 0.7916165197288597,
    "train_intent_loss": 0.13280039815075118,
    "train_slots_loss": 0.7916165197288597,
    "best_train_sum": 1.9956881085040679,
    "train_sum": 1.9956881085040679,
    "best_dev_intent_loss": 0.2606857008881375,
    "best_dev_slots_loss": 8.119479212553605,
    "dev_intent_loss": 0.2606857008881375,
    "dev_slots_loss": 8.119479212553605,
    "best_dev_sum": 1.9877775191091451,
    "dev_sum": 1.9877775191091451,
    "best_train_intent_accuracy": 0.9985614600107354,
    "best_train_slots_precision": 0.996985391615762,
    "best_train_slots_recall": 0.9972679454042533,
    "best_train_slots_span_f1": 0.9971266484933323,
    "train_intent_accuracy": 0.9985614600107354,
    "train_slots_precision": 0.996985391615762,
    "train_slots_recall": 0.9972679454042533,
    "train_slots_span_f1": 0.9971266484933323,
    "best_dev_intent_accuracy": 0.9986225895316805,
    "best_dev_slots_precision": 0.9879026586017724,
    "best_dev_slots_recall": 0.9904103793541108,
    "best_dev_slots_span_f1": 0.9891549295774646,
    "dev_intent_accuracy": 0.9986225895316805,
    "dev_slots_precision": 0.9879026586017724,
    "dev_slots_recall": 0.9904103793541108,
    "dev_slots_span_f1": 0.9891549295774646
}